"tau","k","glmm","mixedmodels"
0.001,1,0,0
0.001,2,0,0
0.001,3,0,0
0.001,4,0,0
0.001,5,0,0
0.001,6,0,0.00425531914893617
0.001,7,0,0.00851063829787234
0.001,8,0.0106382978723404,0.0170212765957447
0.001,9,0.0425531914893617,0.0297872340425532
0.001,10,0.0659574468085106,0.0723404255319149
0.001,11,0.102127659574468,0.134042553191489
0.001,12,0.146808510638298,0.187234042553191
0.001,13,0.193617021276596,0.229787234042553
0.001,14,0.227659574468085,0.274468085106383
0.001,15,0.25531914893617,0.312765957446809
0.001,16,0.302127659574468,0.359574468085106
0.001,17,0.334042553191489,0.38936170212766
0.001,18,0.370212765957447,0.442553191489362
0.001,19,0.41063829787234,0.485106382978723
0.001,20,0.446808510638298,0.523404255319149
0.001,21,0.487234042553191,0.565957446808511
0.001,22,0.527659574468085,0.595744680851064
0.001,23,0.574468085106383,0.629787234042553
0.001,24,0.614893617021277,0.668085106382979
0.001,25,0.65531914893617,0.708510638297872
0.001,26,0.68936170212766,0.721276595744681
0.001,27,0.7,0.74468085106383
0.001,28,0.719148936170213,0.763829787234043
0.001,29,0.746808510638298,0.785106382978723
0.001,30,0.768085106382979,0.802127659574468
0.001,31,0.778723404255319,0.819148936170213
0.001,32,0.787234042553192,0.831914893617021
0.001,33,0.795744680851064,0.842553191489362
0.001,34,0.806382978723404,0.853191489361702
0.001,35,0.812765957446808,0.865957446808511
0.001,36,0.825531914893617,0.876595744680851
0.001,37,0.838297872340426,0.88936170212766
0.001,38,0.846808510638298,0.904255319148936
0.001,39,0.861702127659574,0.908510638297872
0.001,40,0.868085106382979,0.917021276595745
0.001,41,0.872340425531915,0.919148936170213
0.001,42,0.880851063829787,0.925531914893617
0.001,43,0.882978723404255,0.927659574468085
0.001,44,0.893617021276596,0.934042553191489
0.001,45,0.9,0.936170212765957
0.001,46,0.906382978723404,0.94468085106383
0.001,47,0.91063829787234,0.946808510638298
0.001,48,0.917021276595745,0.948936170212766
0.001,49,0.923404255319149,0.951063829787234
0.001,50,0.925531914893617,0.957446808510638
0.001,51,0.929787234042553,0.963829787234043
0.001,52,0.936170212765957,0.965957446808511
0.001,53,0.936170212765957,0.976595744680851
0.001,54,0.936170212765957,0.978723404255319
0.001,55,0.938297872340425,0.978723404255319
0.001,56,0.942553191489362,0.980851063829787
0.001,57,0.946808510638298,0.980851063829787
0.001,58,0.946808510638298,0.980851063829787
0.001,59,0.946808510638298,0.982978723404255
0.001,60,0.953191489361702,0.985106382978723
0.001,61,0.959574468085106,0.985106382978723
0.001,62,0.963829787234043,0.985106382978723
0.001,63,0.963829787234043,0.985106382978723
0.001,64,0.963829787234043,0.985106382978723
0.001,65,0.963829787234043,0.985106382978723
0.001,66,0.965957446808511,0.985106382978723
0.001,67,0.965957446808511,0.987234042553191
0.001,68,0.965957446808511,0.987234042553191
0.001,69,0.968085106382979,0.987234042553191
0.001,70,0.968085106382979,0.987234042553191
0.001,71,0.968085106382979,0.987234042553191
0.001,72,0.968085106382979,0.987234042553191
0.001,73,0.970212765957447,0.987234042553191
0.001,74,0.972340425531915,0.987234042553191
0.001,75,0.972340425531915,0.987234042553191
0.001,76,0.972340425531915,0.987234042553191
0.001,77,0.972340425531915,0.987234042553191
0.001,78,0.972340425531915,0.987234042553191
0.001,79,0.974468085106383,0.98936170212766
0.001,80,0.974468085106383,0.98936170212766
0.001,81,0.974468085106383,0.98936170212766
0.001,82,0.976595744680851,0.98936170212766
0.001,83,0.976595744680851,0.98936170212766
0.001,84,0.976595744680851,0.98936170212766
0.001,85,0.978723404255319,0.98936170212766
0.001,86,0.978723404255319,0.98936170212766
0.001,87,0.978723404255319,0.98936170212766
0.001,88,0.980851063829787,0.98936170212766
0.001,89,0.980851063829787,0.98936170212766
0.001,90,0.980851063829787,0.98936170212766
0.001,91,0.980851063829787,0.991489361702128
0.001,92,0.980851063829787,0.991489361702128
0.001,93,0.980851063829787,0.991489361702128
0.001,94,0.980851063829787,0.991489361702128
0.001,95,0.980851063829787,0.991489361702128
0.001,96,0.980851063829787,0.991489361702128
0.001,97,0.980851063829787,0.991489361702128
0.001,98,0.980851063829787,0.993617021276596
0.001,99,0.980851063829787,0.993617021276596
0.001,100,0.980851063829787,0.993617021276596
0.001,101,0.980851063829787,0.993617021276596
0.001,102,0.982978723404255,0.993617021276596
0.001,103,0.982978723404255,0.993617021276596
0.001,104,0.982978723404255,0.995744680851064
0.001,105,0.982978723404255,0.995744680851064
0.001,106,0.982978723404255,0.995744680851064
0.001,107,0.982978723404255,0.995744680851064
0.001,108,0.982978723404255,0.995744680851064
0.001,109,0.982978723404255,0.995744680851064
0.001,110,0.982978723404255,0.995744680851064
0.001,111,0.982978723404255,0.995744680851064
0.001,112,0.982978723404255,0.995744680851064
0.001,113,0.982978723404255,0.995744680851064
0.001,114,0.982978723404255,0.995744680851064
0.001,115,0.982978723404255,0.995744680851064
0.001,116,0.982978723404255,0.995744680851064
0.001,117,0.982978723404255,0.995744680851064
0.001,118,0.982978723404255,0.995744680851064
0.001,119,0.982978723404255,0.995744680851064
0.001,120,0.982978723404255,0.995744680851064
0.001,121,0.982978723404255,0.995744680851064
0.001,122,0.982978723404255,0.995744680851064
0.001,123,0.985106382978723,0.995744680851064
0.001,124,0.985106382978723,0.995744680851064
0.001,125,0.985106382978723,0.995744680851064
0.001,126,0.985106382978723,0.995744680851064
0.001,127,0.985106382978723,0.995744680851064
0.001,128,0.985106382978723,0.995744680851064
0.001,129,0.987234042553191,0.995744680851064
0.001,130,0.987234042553191,0.995744680851064
0.001,131,0.98936170212766,0.995744680851064
0.001,132,0.98936170212766,0.995744680851064
0.001,133,0.98936170212766,0.995744680851064
0.001,134,0.98936170212766,0.995744680851064
0.001,135,0.98936170212766,0.995744680851064
0.001,136,0.98936170212766,0.995744680851064
0.001,137,0.98936170212766,0.995744680851064
0.001,138,0.98936170212766,0.995744680851064
0.001,139,0.991489361702128,0.995744680851064
0.001,140,0.991489361702128,0.995744680851064
0.001,141,0.991489361702128,0.995744680851064
0.001,142,0.991489361702128,0.995744680851064
0.001,143,0.991489361702128,0.995744680851064
0.001,144,0.991489361702128,0.995744680851064
0.001,145,0.991489361702128,0.995744680851064
0.001,146,0.991489361702128,0.995744680851064
0.001,147,0.991489361702128,0.995744680851064
0.001,148,0.991489361702128,0.995744680851064
0.001,149,0.991489361702128,0.995744680851064
0.001,150,0.991489361702128,0.995744680851064
0.001,151,0.991489361702128,0.995744680851064
0.001,152,0.991489361702128,0.995744680851064
0.001,153,0.993617021276596,0.995744680851064
0.001,154,0.993617021276596,0.995744680851064
0.001,155,0.993617021276596,0.995744680851064
0.001,156,0.993617021276596,0.995744680851064
0.001,157,0.993617021276596,0.995744680851064
0.001,158,0.993617021276596,0.995744680851064
0.001,159,0.993617021276596,0.995744680851064
0.001,160,0.993617021276596,0.995744680851064
0.001,161,0.995744680851064,0.995744680851064
0.001,162,0.995744680851064,0.995744680851064
0.001,163,0.995744680851064,0.995744680851064
0.001,164,0.995744680851064,0.995744680851064
0.001,165,0.995744680851064,0.995744680851064
0.001,166,0.997872340425532,0.995744680851064
0.001,167,0.997872340425532,0.995744680851064
0.001,168,0.997872340425532,0.995744680851064
0.001,169,0.997872340425532,0.995744680851064
0.001,170,0.997872340425532,0.995744680851064
0.001,171,0.997872340425532,0.995744680851064
0.001,172,0.997872340425532,0.995744680851064
0.001,173,0.997872340425532,0.995744680851064
0.001,174,0.997872340425532,0.995744680851064
0.001,175,0.997872340425532,0.995744680851064
0.001,176,0.997872340425532,0.995744680851064
0.001,177,0.997872340425532,0.995744680851064
0.001,178,0.997872340425532,0.995744680851064
0.001,179,0.997872340425532,0.995744680851064
0.001,180,0.997872340425532,0.995744680851064
0.001,181,0.997872340425532,0.995744680851064
0.001,182,0.997872340425532,0.995744680851064
0.001,183,0.997872340425532,0.995744680851064
0.001,184,0.997872340425532,0.995744680851064
0.001,185,0.997872340425532,0.995744680851064
0.001,186,0.997872340425532,0.995744680851064
0.001,187,0.997872340425532,0.995744680851064
0.001,188,0.997872340425532,0.995744680851064
0.001,189,0.997872340425532,0.995744680851064
0.001,190,0.997872340425532,0.995744680851064
0.001,191,0.997872340425532,0.995744680851064
0.001,192,0.997872340425532,0.995744680851064
0.001,193,0.997872340425532,0.995744680851064
0.001,194,0.997872340425532,0.995744680851064
0.001,195,0.997872340425532,0.995744680851064
0.001,196,0.997872340425532,0.995744680851064
0.001,197,0.997872340425532,0.995744680851064
0.001,198,1,0.995744680851064
0.001,199,1,0.995744680851064
0.001,200,1,0.995744680851064
0.001,201,1,0.995744680851064
0.001,202,1,0.995744680851064
0.001,203,1,0.995744680851064
0.001,204,1,0.995744680851064
0.001,205,1,0.995744680851064
0.001,206,1,0.995744680851064
0.001,207,1,0.995744680851064
0.001,208,1,0.995744680851064
0.001,209,1,0.995744680851064
0.001,210,1,0.995744680851064
0.001,211,1,0.995744680851064
0.001,212,1,0.995744680851064
0.001,213,1,0.995744680851064
0.001,214,1,0.995744680851064
0.001,215,1,0.995744680851064
0.001,216,1,0.995744680851064
0.001,217,1,0.995744680851064
0.001,218,1,0.995744680851064
0.001,219,1,0.995744680851064
0.001,220,1,0.995744680851064
0.001,221,1,0.995744680851064
0.001,222,1,0.995744680851064
0.001,223,1,0.995744680851064
0.001,224,1,0.995744680851064
0.001,225,1,0.995744680851064
0.001,226,1,0.995744680851064
0.001,227,1,0.995744680851064
0.001,228,1,0.995744680851064
0.001,229,1,0.995744680851064
0.001,230,1,0.995744680851064
0.001,231,1,0.995744680851064
0.001,232,1,0.995744680851064
0.001,233,1,0.995744680851064
0.001,234,1,0.995744680851064
0.001,235,1,0.995744680851064
0.001,236,1,0.995744680851064
0.001,237,1,0.995744680851064
0.001,238,1,0.995744680851064
0.001,239,1,0.995744680851064
0.001,240,1,0.995744680851064
0.001,241,1,0.995744680851064
0.001,242,1,0.995744680851064
0.001,243,1,0.995744680851064
0.001,244,1,0.995744680851064
0.001,245,1,0.995744680851064
0.001,246,1,0.995744680851064
0.001,247,1,0.995744680851064
0.001,248,1,0.995744680851064
0.001,249,1,0.995744680851064
0.001,250,1,0.995744680851064
0.001,251,1,0.995744680851064
0.001,252,1,0.995744680851064
0.001,253,1,0.995744680851064
0.001,254,1,0.995744680851064
0.001,255,1,0.995744680851064
0.001,256,1,0.995744680851064
0.001,257,1,0.995744680851064
0.001,258,1,0.995744680851064
0.001,259,1,0.995744680851064
0.001,260,1,0.995744680851064
0.001,261,1,0.995744680851064
0.001,262,1,0.995744680851064
0.001,263,1,0.995744680851064
0.001,264,1,0.995744680851064
0.001,265,1,0.995744680851064
0.001,266,1,0.995744680851064
0.001,267,1,0.995744680851064
0.001,268,1,0.995744680851064
0.001,269,1,0.995744680851064
0.001,270,1,0.995744680851064
0.001,271,1,0.995744680851064
0.001,272,1,0.995744680851064
0.001,273,1,0.995744680851064
0.001,274,1,0.995744680851064
0.001,275,1,0.995744680851064
0.001,276,1,0.995744680851064
0.001,277,1,0.995744680851064
0.001,278,1,0.995744680851064
0.001,279,1,0.995744680851064
0.001,280,1,0.995744680851064
0.001,281,1,0.995744680851064
0.001,282,1,0.995744680851064
0.001,283,1,0.995744680851064
0.001,284,1,0.995744680851064
0.001,285,1,0.995744680851064
0.001,286,1,0.995744680851064
0.001,287,1,0.995744680851064
0.001,288,1,0.995744680851064
0.001,289,1,0.995744680851064
0.001,290,1,0.995744680851064
0.001,291,1,0.995744680851064
0.001,292,1,0.995744680851064
0.001,293,1,0.995744680851064
0.001,294,1,0.995744680851064
0.001,295,1,0.995744680851064
0.001,296,1,0.995744680851064
0.001,297,1,0.995744680851064
0.001,298,1,0.995744680851064
0.001,299,1,0.995744680851064
0.001,300,1,0.995744680851064
0.001,301,1,0.995744680851064
0.001,302,1,0.995744680851064
0.001,303,1,0.995744680851064
0.001,304,1,0.995744680851064
0.001,305,1,0.995744680851064
0.001,306,1,0.995744680851064
0.001,307,1,0.995744680851064
0.001,308,1,0.995744680851064
0.001,309,1,0.995744680851064
0.001,310,1,0.995744680851064
0.001,311,1,0.995744680851064
0.001,312,1,0.995744680851064
0.001,313,1,0.995744680851064
0.001,314,1,0.995744680851064
0.001,315,1,0.995744680851064
0.001,316,1,0.995744680851064
0.001,317,1,0.995744680851064
0.001,318,1,0.995744680851064
0.001,319,1,0.995744680851064
0.001,320,1,0.995744680851064
0.001,321,1,0.995744680851064
0.001,322,1,0.995744680851064
0.001,323,1,0.995744680851064
0.001,324,1,0.995744680851064
0.001,325,1,0.995744680851064
0.001,326,1,0.995744680851064
0.001,327,1,0.995744680851064
0.001,328,1,0.995744680851064
0.001,329,1,0.995744680851064
0.001,330,1,0.995744680851064
0.001,331,1,0.995744680851064
0.001,332,1,0.995744680851064
0.001,333,1,0.995744680851064
0.001,334,1,0.995744680851064
0.001,335,1,0.995744680851064
0.001,336,1,0.995744680851064
0.001,337,1,0.995744680851064
0.001,338,1,0.995744680851064
0.001,339,1,0.995744680851064
0.001,340,1,0.995744680851064
0.001,341,1,0.995744680851064
0.001,342,1,0.995744680851064
0.001,343,1,0.995744680851064
0.001,344,1,0.995744680851064
0.001,345,1,0.995744680851064
0.001,346,1,0.995744680851064
0.001,347,1,0.995744680851064
0.001,348,1,0.995744680851064
0.001,349,1,0.995744680851064
0.001,350,1,0.995744680851064
0.001,351,1,0.995744680851064
0.001,352,1,0.995744680851064
0.001,353,1,0.995744680851064
0.001,354,1,0.995744680851064
0.001,355,1,0.995744680851064
0.001,356,1,0.995744680851064
0.001,357,1,0.995744680851064
0.001,358,1,0.995744680851064
0.001,359,1,0.995744680851064
0.001,360,1,0.995744680851064
0.001,361,1,0.995744680851064
0.001,362,1,0.995744680851064
0.001,363,1,0.995744680851064
0.001,364,1,0.995744680851064
0.001,365,1,0.995744680851064
0.001,366,1,0.995744680851064
0.001,367,1,0.995744680851064
0.001,368,1,0.995744680851064
0.001,369,1,0.995744680851064
0.001,370,1,0.995744680851064
0.001,371,1,0.995744680851064
0.001,372,1,0.995744680851064
0.001,373,1,0.995744680851064
0.001,374,1,0.995744680851064
0.001,375,1,0.995744680851064
0.001,376,1,0.995744680851064
0.001,377,1,0.995744680851064
0.001,378,1,0.995744680851064
0.001,379,1,0.995744680851064
0.001,380,1,0.995744680851064
0.001,381,1,0.995744680851064
0.001,382,1,0.995744680851064
0.001,383,1,0.995744680851064
0.001,384,1,0.995744680851064
0.001,385,1,0.995744680851064
0.001,386,1,0.995744680851064
0.001,387,1,0.995744680851064
0.001,388,1,0.995744680851064
0.001,389,1,0.995744680851064
0.001,390,1,0.995744680851064
0.001,391,1,0.995744680851064
0.001,392,1,0.995744680851064
0.001,393,1,0.995744680851064
0.001,394,1,0.995744680851064
0.001,395,1,0.995744680851064
0.001,396,1,0.995744680851064
0.001,397,1,0.995744680851064
0.001,398,1,0.995744680851064
0.001,399,1,0.995744680851064
0.001,400,1,0.995744680851064
0.001,401,1,0.995744680851064
0.001,402,1,0.995744680851064
0.001,403,1,0.995744680851064
0.001,404,1,0.995744680851064
0.001,405,1,0.995744680851064
0.001,406,1,0.995744680851064
0.001,407,1,0.995744680851064
0.001,408,1,0.995744680851064
0.001,409,1,0.995744680851064
0.001,410,1,0.995744680851064
0.001,411,1,0.995744680851064
0.001,412,1,0.995744680851064
0.001,413,1,0.995744680851064
0.001,414,1,0.995744680851064
0.001,415,1,0.995744680851064
0.001,416,1,0.995744680851064
0.001,417,1,0.995744680851064
0.001,418,1,0.995744680851064
0.001,419,1,0.995744680851064
0.001,420,1,0.995744680851064
0.001,421,1,0.995744680851064
0.001,422,1,0.995744680851064
0.001,423,1,0.995744680851064
0.001,424,1,0.995744680851064
0.001,425,1,0.995744680851064
0.001,426,1,0.995744680851064
0.001,427,1,0.995744680851064
0.001,428,1,0.995744680851064
0.001,429,1,0.995744680851064
0.001,430,1,0.995744680851064
0.001,431,1,0.995744680851064
0.001,432,1,0.995744680851064
0.001,433,1,0.995744680851064
0.001,434,1,0.995744680851064
0.001,435,1,0.995744680851064
0.001,436,1,0.995744680851064
0.001,437,1,0.995744680851064
0.001,438,1,0.995744680851064
0.001,439,1,0.995744680851064
0.001,440,1,0.995744680851064
0.001,441,1,0.995744680851064
0.001,442,1,0.995744680851064
0.001,443,1,0.995744680851064
0.001,444,1,0.995744680851064
0.001,445,1,0.995744680851064
0.001,446,1,0.995744680851064
0.001,447,1,0.995744680851064
0.001,448,1,0.995744680851064
0.001,449,1,0.995744680851064
0.001,450,1,0.995744680851064
0.001,451,1,0.995744680851064
0.001,452,1,0.995744680851064
0.001,453,1,0.995744680851064
0.001,454,1,0.995744680851064
0.001,455,1,0.995744680851064
0.001,456,1,0.995744680851064
0.001,457,1,0.995744680851064
0.001,458,1,0.995744680851064
0.001,459,1,0.995744680851064
0.001,460,1,0.995744680851064
0.001,461,1,0.995744680851064
0.001,462,1,0.995744680851064
0.001,463,1,0.995744680851064
0.001,464,1,0.995744680851064
0.001,465,1,0.995744680851064
0.001,466,1,0.995744680851064
0.001,467,1,0.995744680851064
0.001,468,1,0.995744680851064
0.001,469,1,0.995744680851064
0.001,470,1,0.995744680851064
0.001,471,1,0.995744680851064
0.001,472,1,0.995744680851064
0.001,473,1,0.995744680851064
0.001,474,1,0.995744680851064
0.001,475,1,0.995744680851064
0.001,476,1,0.995744680851064
0.001,477,1,0.995744680851064
0.001,478,1,0.995744680851064
0.001,479,1,0.995744680851064
0.001,480,1,0.995744680851064
0.001,481,1,0.995744680851064
0.001,482,1,0.995744680851064
0.001,483,1,0.995744680851064
0.001,484,1,0.995744680851064
0.001,485,1,0.995744680851064
0.001,486,1,0.995744680851064
0.001,487,1,0.995744680851064
0.001,488,1,0.995744680851064
0.001,489,1,0.995744680851064
0.001,490,1,0.995744680851064
0.001,491,1,0.995744680851064
0.001,492,1,0.995744680851064
0.001,493,1,0.995744680851064
0.001,494,1,0.995744680851064
0.001,495,1,0.995744680851064
0.001,496,1,0.995744680851064
0.001,497,1,0.995744680851064
0.001,498,1,0.995744680851064
0.001,499,1,0.995744680851064
0.001,500,1,0.995744680851064
1e-05,1,0,0
1e-05,2,0,0
1e-05,3,0,0
1e-05,4,0,0
1e-05,5,0,0
1e-05,6,0,0.00425531914893617
1e-05,7,0,0.00851063829787234
1e-05,8,0.0106382978723404,0.0170212765957447
1e-05,9,0.0425531914893617,0.0297872340425532
1e-05,10,0.0659574468085106,0.0723404255319149
1e-05,11,0.102127659574468,0.134042553191489
1e-05,12,0.146808510638298,0.187234042553191
1e-05,13,0.193617021276596,0.229787234042553
1e-05,14,0.227659574468085,0.274468085106383
1e-05,15,0.25531914893617,0.312765957446809
1e-05,16,0.302127659574468,0.359574468085106
1e-05,17,0.334042553191489,0.38936170212766
1e-05,18,0.370212765957447,0.442553191489362
1e-05,19,0.41063829787234,0.485106382978723
1e-05,20,0.446808510638298,0.523404255319149
1e-05,21,0.487234042553191,0.565957446808511
1e-05,22,0.527659574468085,0.595744680851064
1e-05,23,0.574468085106383,0.629787234042553
1e-05,24,0.614893617021277,0.668085106382979
1e-05,25,0.65531914893617,0.708510638297872
1e-05,26,0.68936170212766,0.721276595744681
1e-05,27,0.7,0.74468085106383
1e-05,28,0.719148936170213,0.763829787234043
1e-05,29,0.746808510638298,0.785106382978723
1e-05,30,0.768085106382979,0.802127659574468
1e-05,31,0.778723404255319,0.819148936170213
1e-05,32,0.787234042553192,0.831914893617021
1e-05,33,0.795744680851064,0.842553191489362
1e-05,34,0.806382978723404,0.853191489361702
1e-05,35,0.812765957446808,0.865957446808511
1e-05,36,0.825531914893617,0.876595744680851
1e-05,37,0.838297872340426,0.88936170212766
1e-05,38,0.846808510638298,0.904255319148936
1e-05,39,0.861702127659574,0.908510638297872
1e-05,40,0.868085106382979,0.917021276595745
1e-05,41,0.872340425531915,0.919148936170213
1e-05,42,0.880851063829787,0.925531914893617
1e-05,43,0.882978723404255,0.927659574468085
1e-05,44,0.893617021276596,0.934042553191489
1e-05,45,0.9,0.936170212765957
1e-05,46,0.906382978723404,0.94468085106383
1e-05,47,0.908510638297872,0.946808510638298
1e-05,48,0.914893617021277,0.948936170212766
1e-05,49,0.921276595744681,0.951063829787234
1e-05,50,0.923404255319149,0.957446808510638
1e-05,51,0.927659574468085,0.963829787234043
1e-05,52,0.934042553191489,0.965957446808511
1e-05,53,0.934042553191489,0.976595744680851
1e-05,54,0.934042553191489,0.978723404255319
1e-05,55,0.936170212765957,0.978723404255319
1e-05,56,0.940425531914894,0.980851063829787
1e-05,57,0.94468085106383,0.980851063829787
1e-05,58,0.94468085106383,0.980851063829787
1e-05,59,0.94468085106383,0.982978723404255
1e-05,60,0.951063829787234,0.985106382978723
1e-05,61,0.957446808510638,0.985106382978723
1e-05,62,0.961702127659574,0.985106382978723
1e-05,63,0.961702127659574,0.985106382978723
1e-05,64,0.961702127659574,0.985106382978723
1e-05,65,0.961702127659574,0.985106382978723
1e-05,66,0.963829787234043,0.985106382978723
1e-05,67,0.963829787234043,0.987234042553191
1e-05,68,0.963829787234043,0.987234042553191
1e-05,69,0.965957446808511,0.987234042553191
1e-05,70,0.965957446808511,0.987234042553191
1e-05,71,0.965957446808511,0.987234042553191
1e-05,72,0.965957446808511,0.987234042553191
1e-05,73,0.968085106382979,0.987234042553191
1e-05,74,0.970212765957447,0.987234042553191
1e-05,75,0.970212765957447,0.987234042553191
1e-05,76,0.970212765957447,0.987234042553191
1e-05,77,0.970212765957447,0.987234042553191
1e-05,78,0.970212765957447,0.987234042553191
1e-05,79,0.972340425531915,0.98936170212766
1e-05,80,0.972340425531915,0.98936170212766
1e-05,81,0.972340425531915,0.98936170212766
1e-05,82,0.974468085106383,0.98936170212766
1e-05,83,0.974468085106383,0.98936170212766
1e-05,84,0.974468085106383,0.98936170212766
1e-05,85,0.976595744680851,0.98936170212766
1e-05,86,0.976595744680851,0.98936170212766
1e-05,87,0.976595744680851,0.98936170212766
1e-05,88,0.978723404255319,0.98936170212766
1e-05,89,0.978723404255319,0.98936170212766
1e-05,90,0.978723404255319,0.98936170212766
1e-05,91,0.978723404255319,0.991489361702128
1e-05,92,0.978723404255319,0.991489361702128
1e-05,93,0.978723404255319,0.991489361702128
1e-05,94,0.978723404255319,0.991489361702128
1e-05,95,0.978723404255319,0.991489361702128
1e-05,96,0.978723404255319,0.991489361702128
1e-05,97,0.978723404255319,0.991489361702128
1e-05,98,0.978723404255319,0.993617021276596
1e-05,99,0.978723404255319,0.993617021276596
1e-05,100,0.978723404255319,0.993617021276596
1e-05,101,0.978723404255319,0.993617021276596
1e-05,102,0.980851063829787,0.993617021276596
1e-05,103,0.980851063829787,0.993617021276596
1e-05,104,0.980851063829787,0.995744680851064
1e-05,105,0.980851063829787,0.995744680851064
1e-05,106,0.980851063829787,0.995744680851064
1e-05,107,0.980851063829787,0.995744680851064
1e-05,108,0.980851063829787,0.995744680851064
1e-05,109,0.980851063829787,0.995744680851064
1e-05,110,0.980851063829787,0.995744680851064
1e-05,111,0.980851063829787,0.995744680851064
1e-05,112,0.980851063829787,0.995744680851064
1e-05,113,0.980851063829787,0.995744680851064
1e-05,114,0.980851063829787,0.995744680851064
1e-05,115,0.980851063829787,0.995744680851064
1e-05,116,0.980851063829787,0.995744680851064
1e-05,117,0.980851063829787,0.995744680851064
1e-05,118,0.980851063829787,0.995744680851064
1e-05,119,0.980851063829787,0.995744680851064
1e-05,120,0.980851063829787,0.995744680851064
1e-05,121,0.980851063829787,0.995744680851064
1e-05,122,0.980851063829787,0.995744680851064
1e-05,123,0.982978723404255,0.995744680851064
1e-05,124,0.982978723404255,0.995744680851064
1e-05,125,0.982978723404255,0.995744680851064
1e-05,126,0.982978723404255,0.995744680851064
1e-05,127,0.982978723404255,0.995744680851064
1e-05,128,0.982978723404255,0.995744680851064
1e-05,129,0.985106382978723,0.995744680851064
1e-05,130,0.985106382978723,0.995744680851064
1e-05,131,0.987234042553191,0.995744680851064
1e-05,132,0.987234042553191,0.995744680851064
1e-05,133,0.987234042553191,0.995744680851064
1e-05,134,0.987234042553191,0.995744680851064
1e-05,135,0.987234042553191,0.995744680851064
1e-05,136,0.987234042553191,0.995744680851064
1e-05,137,0.987234042553191,0.995744680851064
1e-05,138,0.987234042553191,0.995744680851064
1e-05,139,0.98936170212766,0.995744680851064
1e-05,140,0.98936170212766,0.995744680851064
1e-05,141,0.98936170212766,0.995744680851064
1e-05,142,0.98936170212766,0.995744680851064
1e-05,143,0.98936170212766,0.995744680851064
1e-05,144,0.98936170212766,0.995744680851064
1e-05,145,0.98936170212766,0.995744680851064
1e-05,146,0.98936170212766,0.995744680851064
1e-05,147,0.98936170212766,0.995744680851064
1e-05,148,0.98936170212766,0.995744680851064
1e-05,149,0.98936170212766,0.995744680851064
1e-05,150,0.98936170212766,0.995744680851064
1e-05,151,0.98936170212766,0.995744680851064
1e-05,152,0.98936170212766,0.995744680851064
1e-05,153,0.991489361702128,0.995744680851064
1e-05,154,0.991489361702128,0.995744680851064
1e-05,155,0.991489361702128,0.995744680851064
1e-05,156,0.991489361702128,0.995744680851064
1e-05,157,0.991489361702128,0.995744680851064
1e-05,158,0.991489361702128,0.995744680851064
1e-05,159,0.991489361702128,0.995744680851064
1e-05,160,0.991489361702128,0.995744680851064
1e-05,161,0.993617021276596,0.995744680851064
1e-05,162,0.993617021276596,0.995744680851064
1e-05,163,0.993617021276596,0.995744680851064
1e-05,164,0.993617021276596,0.995744680851064
1e-05,165,0.993617021276596,0.995744680851064
1e-05,166,0.995744680851064,0.995744680851064
1e-05,167,0.995744680851064,0.995744680851064
1e-05,168,0.995744680851064,0.995744680851064
1e-05,169,0.995744680851064,0.995744680851064
1e-05,170,0.995744680851064,0.995744680851064
1e-05,171,0.995744680851064,0.995744680851064
1e-05,172,0.995744680851064,0.995744680851064
1e-05,173,0.995744680851064,0.995744680851064
1e-05,174,0.995744680851064,0.995744680851064
1e-05,175,0.995744680851064,0.995744680851064
1e-05,176,0.995744680851064,0.995744680851064
1e-05,177,0.995744680851064,0.995744680851064
1e-05,178,0.995744680851064,0.995744680851064
1e-05,179,0.995744680851064,0.995744680851064
1e-05,180,0.995744680851064,0.995744680851064
1e-05,181,0.995744680851064,0.995744680851064
1e-05,182,0.995744680851064,0.995744680851064
1e-05,183,0.995744680851064,0.995744680851064
1e-05,184,0.995744680851064,0.995744680851064
1e-05,185,0.995744680851064,0.995744680851064
1e-05,186,0.995744680851064,0.995744680851064
1e-05,187,0.995744680851064,0.995744680851064
1e-05,188,0.995744680851064,0.995744680851064
1e-05,189,0.995744680851064,0.995744680851064
1e-05,190,0.995744680851064,0.995744680851064
1e-05,191,0.995744680851064,0.995744680851064
1e-05,192,0.995744680851064,0.995744680851064
1e-05,193,0.995744680851064,0.995744680851064
1e-05,194,0.995744680851064,0.995744680851064
1e-05,195,0.995744680851064,0.995744680851064
1e-05,196,0.995744680851064,0.995744680851064
1e-05,197,0.995744680851064,0.995744680851064
1e-05,198,0.997872340425532,0.995744680851064
1e-05,199,0.997872340425532,0.995744680851064
1e-05,200,0.997872340425532,0.995744680851064
1e-05,201,0.997872340425532,0.995744680851064
1e-05,202,0.997872340425532,0.995744680851064
1e-05,203,0.997872340425532,0.995744680851064
1e-05,204,0.997872340425532,0.995744680851064
1e-05,205,0.997872340425532,0.995744680851064
1e-05,206,0.997872340425532,0.995744680851064
1e-05,207,0.997872340425532,0.995744680851064
1e-05,208,0.997872340425532,0.995744680851064
1e-05,209,0.997872340425532,0.995744680851064
1e-05,210,0.997872340425532,0.995744680851064
1e-05,211,0.997872340425532,0.995744680851064
1e-05,212,0.997872340425532,0.995744680851064
1e-05,213,0.997872340425532,0.995744680851064
1e-05,214,0.997872340425532,0.995744680851064
1e-05,215,0.997872340425532,0.995744680851064
1e-05,216,0.997872340425532,0.995744680851064
1e-05,217,0.997872340425532,0.995744680851064
1e-05,218,0.997872340425532,0.995744680851064
1e-05,219,0.997872340425532,0.995744680851064
1e-05,220,0.997872340425532,0.995744680851064
1e-05,221,0.997872340425532,0.995744680851064
1e-05,222,0.997872340425532,0.995744680851064
1e-05,223,0.997872340425532,0.995744680851064
1e-05,224,0.997872340425532,0.995744680851064
1e-05,225,0.997872340425532,0.995744680851064
1e-05,226,0.997872340425532,0.995744680851064
1e-05,227,0.997872340425532,0.995744680851064
1e-05,228,0.997872340425532,0.995744680851064
1e-05,229,0.997872340425532,0.995744680851064
1e-05,230,0.997872340425532,0.995744680851064
1e-05,231,0.997872340425532,0.995744680851064
1e-05,232,0.997872340425532,0.995744680851064
1e-05,233,0.997872340425532,0.995744680851064
1e-05,234,0.997872340425532,0.995744680851064
1e-05,235,0.997872340425532,0.995744680851064
1e-05,236,0.997872340425532,0.995744680851064
1e-05,237,0.997872340425532,0.995744680851064
1e-05,238,0.997872340425532,0.995744680851064
1e-05,239,0.997872340425532,0.995744680851064
1e-05,240,0.997872340425532,0.995744680851064
1e-05,241,0.997872340425532,0.995744680851064
1e-05,242,0.997872340425532,0.995744680851064
1e-05,243,0.997872340425532,0.995744680851064
1e-05,244,0.997872340425532,0.995744680851064
1e-05,245,0.997872340425532,0.995744680851064
1e-05,246,0.997872340425532,0.995744680851064
1e-05,247,0.997872340425532,0.995744680851064
1e-05,248,0.997872340425532,0.995744680851064
1e-05,249,0.997872340425532,0.995744680851064
1e-05,250,0.997872340425532,0.995744680851064
1e-05,251,0.997872340425532,0.995744680851064
1e-05,252,0.997872340425532,0.995744680851064
1e-05,253,0.997872340425532,0.995744680851064
1e-05,254,0.997872340425532,0.995744680851064
1e-05,255,0.997872340425532,0.995744680851064
1e-05,256,0.997872340425532,0.995744680851064
1e-05,257,0.997872340425532,0.995744680851064
1e-05,258,0.997872340425532,0.995744680851064
1e-05,259,0.997872340425532,0.995744680851064
1e-05,260,0.997872340425532,0.995744680851064
1e-05,261,0.997872340425532,0.995744680851064
1e-05,262,0.997872340425532,0.995744680851064
1e-05,263,0.997872340425532,0.995744680851064
1e-05,264,0.997872340425532,0.995744680851064
1e-05,265,0.997872340425532,0.995744680851064
1e-05,266,0.997872340425532,0.995744680851064
1e-05,267,0.997872340425532,0.995744680851064
1e-05,268,0.997872340425532,0.995744680851064
1e-05,269,0.997872340425532,0.995744680851064
1e-05,270,0.997872340425532,0.995744680851064
1e-05,271,0.997872340425532,0.995744680851064
1e-05,272,0.997872340425532,0.995744680851064
1e-05,273,0.997872340425532,0.995744680851064
1e-05,274,0.997872340425532,0.995744680851064
1e-05,275,0.997872340425532,0.995744680851064
1e-05,276,0.997872340425532,0.995744680851064
1e-05,277,0.997872340425532,0.995744680851064
1e-05,278,0.997872340425532,0.995744680851064
1e-05,279,0.997872340425532,0.995744680851064
1e-05,280,0.997872340425532,0.995744680851064
1e-05,281,0.997872340425532,0.995744680851064
1e-05,282,0.997872340425532,0.995744680851064
1e-05,283,0.997872340425532,0.995744680851064
1e-05,284,0.997872340425532,0.995744680851064
1e-05,285,0.997872340425532,0.995744680851064
1e-05,286,0.997872340425532,0.995744680851064
1e-05,287,0.997872340425532,0.995744680851064
1e-05,288,0.997872340425532,0.995744680851064
1e-05,289,0.997872340425532,0.995744680851064
1e-05,290,0.997872340425532,0.995744680851064
1e-05,291,0.997872340425532,0.995744680851064
1e-05,292,0.997872340425532,0.995744680851064
1e-05,293,0.997872340425532,0.995744680851064
1e-05,294,0.997872340425532,0.995744680851064
1e-05,295,0.997872340425532,0.995744680851064
1e-05,296,0.997872340425532,0.995744680851064
1e-05,297,0.997872340425532,0.995744680851064
1e-05,298,0.997872340425532,0.995744680851064
1e-05,299,0.997872340425532,0.995744680851064
1e-05,300,0.997872340425532,0.995744680851064
1e-05,301,0.997872340425532,0.995744680851064
1e-05,302,0.997872340425532,0.995744680851064
1e-05,303,0.997872340425532,0.995744680851064
1e-05,304,0.997872340425532,0.995744680851064
1e-05,305,0.997872340425532,0.995744680851064
1e-05,306,0.997872340425532,0.995744680851064
1e-05,307,0.997872340425532,0.995744680851064
1e-05,308,0.997872340425532,0.995744680851064
1e-05,309,0.997872340425532,0.995744680851064
1e-05,310,0.997872340425532,0.995744680851064
1e-05,311,0.997872340425532,0.995744680851064
1e-05,312,0.997872340425532,0.995744680851064
1e-05,313,0.997872340425532,0.995744680851064
1e-05,314,0.997872340425532,0.995744680851064
1e-05,315,0.997872340425532,0.995744680851064
1e-05,316,0.997872340425532,0.995744680851064
1e-05,317,0.997872340425532,0.995744680851064
1e-05,318,0.997872340425532,0.995744680851064
1e-05,319,0.997872340425532,0.995744680851064
1e-05,320,0.997872340425532,0.995744680851064
1e-05,321,0.997872340425532,0.995744680851064
1e-05,322,0.997872340425532,0.995744680851064
1e-05,323,0.997872340425532,0.995744680851064
1e-05,324,0.997872340425532,0.995744680851064
1e-05,325,0.997872340425532,0.995744680851064
1e-05,326,0.997872340425532,0.995744680851064
1e-05,327,0.997872340425532,0.995744680851064
1e-05,328,0.997872340425532,0.995744680851064
1e-05,329,0.997872340425532,0.995744680851064
1e-05,330,0.997872340425532,0.995744680851064
1e-05,331,0.997872340425532,0.995744680851064
1e-05,332,0.997872340425532,0.995744680851064
1e-05,333,0.997872340425532,0.995744680851064
1e-05,334,0.997872340425532,0.995744680851064
1e-05,335,0.997872340425532,0.995744680851064
1e-05,336,0.997872340425532,0.995744680851064
1e-05,337,0.997872340425532,0.995744680851064
1e-05,338,0.997872340425532,0.995744680851064
1e-05,339,0.997872340425532,0.995744680851064
1e-05,340,0.997872340425532,0.995744680851064
1e-05,341,0.997872340425532,0.995744680851064
1e-05,342,0.997872340425532,0.995744680851064
1e-05,343,0.997872340425532,0.995744680851064
1e-05,344,0.997872340425532,0.995744680851064
1e-05,345,0.997872340425532,0.995744680851064
1e-05,346,0.997872340425532,0.995744680851064
1e-05,347,0.997872340425532,0.995744680851064
1e-05,348,0.997872340425532,0.995744680851064
1e-05,349,0.997872340425532,0.995744680851064
1e-05,350,0.997872340425532,0.995744680851064
1e-05,351,0.997872340425532,0.995744680851064
1e-05,352,0.997872340425532,0.995744680851064
1e-05,353,0.997872340425532,0.995744680851064
1e-05,354,0.997872340425532,0.995744680851064
1e-05,355,0.997872340425532,0.995744680851064
1e-05,356,0.997872340425532,0.995744680851064
1e-05,357,0.997872340425532,0.995744680851064
1e-05,358,0.997872340425532,0.995744680851064
1e-05,359,0.997872340425532,0.995744680851064
1e-05,360,0.997872340425532,0.995744680851064
1e-05,361,0.997872340425532,0.995744680851064
1e-05,362,0.997872340425532,0.995744680851064
1e-05,363,0.997872340425532,0.995744680851064
1e-05,364,0.997872340425532,0.995744680851064
1e-05,365,0.997872340425532,0.995744680851064
1e-05,366,0.997872340425532,0.995744680851064
1e-05,367,0.997872340425532,0.995744680851064
1e-05,368,0.997872340425532,0.995744680851064
1e-05,369,0.997872340425532,0.995744680851064
1e-05,370,0.997872340425532,0.995744680851064
1e-05,371,0.997872340425532,0.995744680851064
1e-05,372,0.997872340425532,0.995744680851064
1e-05,373,0.997872340425532,0.995744680851064
1e-05,374,0.997872340425532,0.995744680851064
1e-05,375,0.997872340425532,0.995744680851064
1e-05,376,0.997872340425532,0.995744680851064
1e-05,377,0.997872340425532,0.995744680851064
1e-05,378,0.997872340425532,0.995744680851064
1e-05,379,0.997872340425532,0.995744680851064
1e-05,380,0.997872340425532,0.995744680851064
1e-05,381,0.997872340425532,0.995744680851064
1e-05,382,0.997872340425532,0.995744680851064
1e-05,383,0.997872340425532,0.995744680851064
1e-05,384,0.997872340425532,0.995744680851064
1e-05,385,0.997872340425532,0.995744680851064
1e-05,386,0.997872340425532,0.995744680851064
1e-05,387,0.997872340425532,0.995744680851064
1e-05,388,0.997872340425532,0.995744680851064
1e-05,389,0.997872340425532,0.995744680851064
1e-05,390,0.997872340425532,0.995744680851064
1e-05,391,0.997872340425532,0.995744680851064
1e-05,392,0.997872340425532,0.995744680851064
1e-05,393,0.997872340425532,0.995744680851064
1e-05,394,0.997872340425532,0.995744680851064
1e-05,395,0.997872340425532,0.995744680851064
1e-05,396,0.997872340425532,0.995744680851064
1e-05,397,0.997872340425532,0.995744680851064
1e-05,398,0.997872340425532,0.995744680851064
1e-05,399,0.997872340425532,0.995744680851064
1e-05,400,0.997872340425532,0.995744680851064
1e-05,401,0.997872340425532,0.995744680851064
1e-05,402,0.997872340425532,0.995744680851064
1e-05,403,0.997872340425532,0.995744680851064
1e-05,404,0.997872340425532,0.995744680851064
1e-05,405,0.997872340425532,0.995744680851064
1e-05,406,0.997872340425532,0.995744680851064
1e-05,407,0.997872340425532,0.995744680851064
1e-05,408,0.997872340425532,0.995744680851064
1e-05,409,0.997872340425532,0.995744680851064
1e-05,410,0.997872340425532,0.995744680851064
1e-05,411,0.997872340425532,0.995744680851064
1e-05,412,0.997872340425532,0.995744680851064
1e-05,413,0.997872340425532,0.995744680851064
1e-05,414,0.997872340425532,0.995744680851064
1e-05,415,0.997872340425532,0.995744680851064
1e-05,416,0.997872340425532,0.995744680851064
1e-05,417,0.997872340425532,0.995744680851064
1e-05,418,0.997872340425532,0.995744680851064
1e-05,419,0.997872340425532,0.995744680851064
1e-05,420,0.997872340425532,0.995744680851064
1e-05,421,0.997872340425532,0.995744680851064
1e-05,422,0.997872340425532,0.995744680851064
1e-05,423,0.997872340425532,0.995744680851064
1e-05,424,0.997872340425532,0.995744680851064
1e-05,425,0.997872340425532,0.995744680851064
1e-05,426,0.997872340425532,0.995744680851064
1e-05,427,0.997872340425532,0.995744680851064
1e-05,428,0.997872340425532,0.995744680851064
1e-05,429,0.997872340425532,0.995744680851064
1e-05,430,0.997872340425532,0.995744680851064
1e-05,431,0.997872340425532,0.995744680851064
1e-05,432,0.997872340425532,0.995744680851064
1e-05,433,0.997872340425532,0.995744680851064
1e-05,434,0.997872340425532,0.995744680851064
1e-05,435,0.997872340425532,0.995744680851064
1e-05,436,0.997872340425532,0.995744680851064
1e-05,437,0.997872340425532,0.995744680851064
1e-05,438,0.997872340425532,0.995744680851064
1e-05,439,0.997872340425532,0.995744680851064
1e-05,440,0.997872340425532,0.995744680851064
1e-05,441,0.997872340425532,0.995744680851064
1e-05,442,0.997872340425532,0.995744680851064
1e-05,443,0.997872340425532,0.995744680851064
1e-05,444,0.997872340425532,0.995744680851064
1e-05,445,0.997872340425532,0.995744680851064
1e-05,446,0.997872340425532,0.995744680851064
1e-05,447,0.997872340425532,0.995744680851064
1e-05,448,0.997872340425532,0.995744680851064
1e-05,449,0.997872340425532,0.995744680851064
1e-05,450,0.997872340425532,0.995744680851064
1e-05,451,0.997872340425532,0.995744680851064
1e-05,452,0.997872340425532,0.995744680851064
1e-05,453,0.997872340425532,0.995744680851064
1e-05,454,0.997872340425532,0.995744680851064
1e-05,455,0.997872340425532,0.995744680851064
1e-05,456,0.997872340425532,0.995744680851064
1e-05,457,0.997872340425532,0.995744680851064
1e-05,458,0.997872340425532,0.995744680851064
1e-05,459,0.997872340425532,0.995744680851064
1e-05,460,0.997872340425532,0.995744680851064
1e-05,461,0.997872340425532,0.995744680851064
1e-05,462,0.997872340425532,0.995744680851064
1e-05,463,0.997872340425532,0.995744680851064
1e-05,464,0.997872340425532,0.995744680851064
1e-05,465,0.997872340425532,0.995744680851064
1e-05,466,0.997872340425532,0.995744680851064
1e-05,467,0.997872340425532,0.995744680851064
1e-05,468,0.997872340425532,0.995744680851064
1e-05,469,0.997872340425532,0.995744680851064
1e-05,470,0.997872340425532,0.995744680851064
1e-05,471,0.997872340425532,0.995744680851064
1e-05,472,0.997872340425532,0.995744680851064
1e-05,473,0.997872340425532,0.995744680851064
1e-05,474,0.997872340425532,0.995744680851064
1e-05,475,0.997872340425532,0.995744680851064
1e-05,476,0.997872340425532,0.995744680851064
1e-05,477,0.997872340425532,0.995744680851064
1e-05,478,0.997872340425532,0.995744680851064
1e-05,479,0.997872340425532,0.995744680851064
1e-05,480,0.997872340425532,0.995744680851064
1e-05,481,0.997872340425532,0.995744680851064
1e-05,482,0.997872340425532,0.995744680851064
1e-05,483,0.997872340425532,0.995744680851064
1e-05,484,0.997872340425532,0.995744680851064
1e-05,485,0.997872340425532,0.995744680851064
1e-05,486,0.997872340425532,0.995744680851064
1e-05,487,0.997872340425532,0.995744680851064
1e-05,488,0.997872340425532,0.995744680851064
1e-05,489,0.997872340425532,0.995744680851064
1e-05,490,0.997872340425532,0.995744680851064
1e-05,491,0.997872340425532,0.995744680851064
1e-05,492,0.997872340425532,0.995744680851064
1e-05,493,0.997872340425532,0.995744680851064
1e-05,494,0.997872340425532,0.995744680851064
1e-05,495,0.997872340425532,0.995744680851064
1e-05,496,0.997872340425532,0.995744680851064
1e-05,497,0.997872340425532,0.995744680851064
1e-05,498,0.997872340425532,0.995744680851064
1e-05,499,0.997872340425532,0.995744680851064
1e-05,500,0.997872340425532,0.995744680851064
