"y","x1","x2","g"
0,-0.411094235863279,-0.0721779725179117,"1"
0,0.170467788671366,-1.86754273264409,"1"
0,-1.01854771249059,0.422157532640994,"1"
1,3.30294747327071,1.38080746273037,"1"
0,-0.803677827528105,1.52897387435074,"1"
1,0.800411282517278,0.717479279570892,"1"
0,-1.23512879619319,1.64728498031105,"1"
0,-3.16218881010108,-0.418987847339819,"1"
0,-0.67884293280698,1.38657399189448,"1"
1,-0.710881532167308,0.558079973382072,"1"
0,-1.23459890840761,-1.98857786580869,"1"
0,-1.47637555802006,-0.933754281004413,"1"
0,-1.70472388970467,0.92390223222916,"2"
1,1.16952779984684,0.963032275366135,"2"
1,0.261212296267065,0.717887177505065,"2"
1,-0.484674647808257,1.07450222168495,"2"
1,0.723508803330065,0.209149389723238,"2"
0,-1.82177886854515,0.30221541354122,"2"
1,1.08055879616508,0.0246431709595468,"2"
1,0.598946994036236,0.026791133288531,"2"
1,-0.191058057537453,-0.134804559296346,"2"
0,-0.509169339040256,-0.411678098726305,"2"
1,0.0558444993122631,0.584435125611601,"2"
0,-1.10496933557312,0.956780084110886,"2"
1,-2.00779399978471,0.510008385326889,"3"
0,0.183170807688126,0.79883528390189,"3"
0,1.4342222273169,1.39245403319461,"3"
0,1.32466962144716,0.217027162518496,"3"
0,1.41649429904925,0.902354615804568,"3"
0,1.85073736107097,1.16938652088617,"3"
0,0.143376972924574,0.291475997467976,"3"
0,-1.28000712033454,0.299070107189301,"3"
1,-0.841931043000804,-0.373049396674783,"3"
1,-0.835199858720751,-0.0372827522466718,"3"
1,-0.388281837155934,-0.82871326029987,"3"
1,0.792359396859284,0.449589790511592,"3"
1,0.545263016425111,0.00622680235977952,"4"
0,-0.348484858375445,-0.0854899366362169,"4"
1,1.89532137630701,0.905414520129056,"4"
1,1.07724723806928,0.261492633404654,"4"
1,1.39531886214154,-1.12240851503114,"4"
0,-1.18827487996335,-0.532593903063722,"4"
0,-0.698978993723308,0.272321821070123,"4"
1,1.17979205320657,0.0205230245935675,"4"
1,0.474250759263042,0.0380915538747555,"4"
0,-2.34208963720747,0.827466763041705,"4"
1,1.32236271369752,0.144435803266021,"4"
0,-1.66271144008493,0.2241035607076,"4"
0,1.46425825437656,0.764359586532202,"5"
0,-1.37306285236662,-1.45374855016493,"5"
0,-0.463286161588348,1.84210699782935,"5"
0,0.790541220677148,-0.558004636815181,"5"
0,-2.10141932843739,-0.145925399001831,"5"
0,0.787777942156138,1.08588752474575,"5"
1,0.539329681807051,-0.210367147225163,"5"
0,0.398291380810367,0.222627493176595,"5"
0,-0.972248645992702,0.556651979188267,"5"
0,-0.538877820861375,0.171229133316152,"5"
0,-0.726249250241047,0.879180402037411,"5"
1,1.55068968394918,-1.2285687105261,"5"
1,-0.0902233249205466,-2.14934498541504,"6"
1,-0.57640367481538,-0.904647848332432,"6"
1,1.10525678369586,-1.52333866835033,"6"
1,-2.09863839455781,-0.747178480895505,"6"
1,0.450455758221172,0.253291682034906,"6"
1,0.447368788944798,-2.05596808866954,"6"
1,0.104565606363702,-1.08554158572787,"6"
0,-0.881891869786517,-0.370830831226901,"6"
0,-0.37095546428604,0.085396270756473,"6"
1,-0.0042799299334032,1.34780903345731,"6"
0,0.653361960078436,2.30436087546904,"6"
0,0.233383120749337,-0.651611392334382,"6"
0,-0.0920354670182656,1.3702172134765,"7"
1,-0.186613419796474,-0.170452784860325,"7"
1,-1.14789552317111,-1.07754778229434,"7"
1,-1.26782695722735,0.639247133909263,"7"
0,-1.36290178858957,0.967016939406438,"7"
1,-1.75657068608347,-1.96301016367997,"7"
1,-0.88855075866837,0.205288643485268,"7"
1,-0.755511200380117,-0.7081362656291,"7"
1,0.217482111328275,0.106189753915712,"7"
1,0.296889044290519,-0.260832689518063,"7"
0,-0.214500463757081,1.49041901084759,"7"
1,-0.116359393812,-0.49342719449444,"7"
0,0.46994688252414,-0.454104640021398,"8"
0,-1.83660091441594,0.333074067184225,"8"
1,-0.0318905994758889,-0.549604716993323,"8"
0,-1.05922737626601,-0.515900119540146,"8"
1,0.491989293266619,-0.321108478290668,"8"
0,-0.559325145872552,0.889818630074918,"8"
1,1.47639035980537,0.494736535530023,"8"
0,-0.781814853289279,-0.315500358323611,"8"
1,0.727648397386496,0.331086232616237,"8"
0,-1.82239123173927,-0.446172764040296,"8"
0,1.52979715371354,0.778853583157249,"8"
0,0.429828744007871,-0.671534215774066,"8"
0,-0.306257566895223,0.860820384342682,"9"
1,0.211920874706857,0.564757702908235,"9"
1,-1.67507147548198,0.366019961614572,"9"
0,0.157481825806204,-1.58281189822996,"9"
0,-0.921186575802074,-0.727972812278984,"9"
0,-0.40712135213445,0.65118350888673,"9"
1,-1.34820797426257,-2.03924270844151,"9"
1,0.328037812660257,-1.49231243373312,"9"
0,1.60100142965147,0.582211652780031,"9"
1,0.689424711313486,1.02825847041501,"9"
0,-0.422759886927523,-0.382496705259457,"9"
1,0.698124482218999,-1.09845146052019,"9"
0,-0.983462966753813,-0.146507789290997,"10"
1,-0.979114525891978,-2.69110023267337,"10"
1,1.21658451415358,-1.3622249103876,"10"
1,1.56118019776405,0.386618908295267,"10"
1,1.05143986549878,0.905748388760822,"10"
1,0.360047719931116,0.852159740754938,"10"
1,1.96420889330579,-0.328375689760404,"10"
1,-0.316302754468768,-1.36746329047457,"10"
0,0.0329590336427721,1.05181460238413,"10"
1,0.0611493486330812,0.23573335359063,"10"
1,0.963968416998647,-0.340538208914862,"10"
1,-0.399409158736152,-0.452424761488794,"10"
1,-0.695580469050473,0.256494179918428,"11"
1,0.815847712225503,-0.514025678617963,"11"
0,0.676819741273297,-2.31703559296489,"11"
1,-0.0697210094200175,-0.142043049140764,"11"
1,-0.14985764318544,1.03320070309547,"11"
1,1.15796426305697,-0.875677201786532,"11"
1,0.700313643684232,-0.254321956624736,"11"
1,-2.20475598307384,-0.159597983766921,"11"
1,-1.13990067478965,-0.460938590648215,"11"
1,1.01300519558715,1.43725686514849,"11"
1,0.881713568655636,-1.18937417339996,"11"
0,0.211206398775614,0.124895084935116,"11"
0,0.51229367436997,0.654741640109426,"12"
1,0.272586127674638,0.97730518435108,"12"
1,-0.444208874119151,-1.85932484633626,"12"
1,-2.54376361109809,-1.17673856022792,"12"
1,0.902913756818824,-0.694249875410337,"12"
1,0.270956001633659,-1.2499134981591,"12"
0,-0.285681526944507,-1.52482513276056,"12"
0,-1.97335090143836,1.21853829320216,"12"
0,1.68698106079996,0.456933158704306,"12"
0,0.213706480068024,0.889634879541215,"12"
0,-1.03661548364502,-1.36517226564291,"12"
1,0.853444396514412,0.53723041066022,"12"
1,0.0740880905579206,-0.237162896996707,"13"
1,-0.349125398854562,-0.0794618867425082,"13"
1,0.152877254707194,-1.85600649122353,"13"
0,-1.1809027113137,-0.177048655313707,"13"
1,1.03689813125279,-1.7995030218711,"13"
0,0.0744519070036493,-0.100465289834872,"13"
0,-0.33404257570362,0.553217588316438,"13"
0,-1.02980191052546,0.984833298470337,"13"
0,1.20638508431296,0.703671644760996,"13"
0,-0.30138085266094,1.89415985641436,"13"
1,-0.665463481836567,-1.17409969115624,"13"
1,1.06098484646269,0.548147749578423,"13"
0,-1.40689139138601,-0.839874117835423,"14"
1,0.00870796647612066,0.324051281594103,"14"
1,0.525886576473682,1.84167213270073,"14"
1,0.0419980465840267,0.161248799282577,"14"
1,-1.19410999181742,1.21814566268501,"14"
1,0.702060842143938,0.79657771456444,"14"
1,0.751076490982196,-0.186166430665324,"14"
0,-0.72789758878259,0.655640386892212,"14"
1,-0.244803783095498,0.250938060661118,"14"
0,-0.331460149374635,-0.70979333595467,"14"
1,-1.25007417034867,-0.726274123204194,"14"
0,-0.230078730515023,0.284669032780975,"14"
0,0.82847177290298,-0.0280796686924516,"15"
1,0.337684907138154,0.749822559830019,"15"
0,-0.587753194553671,0.497405350135926,"15"
1,-0.79554622007036,-0.179167462248948,"15"
1,0.123120633317015,-1.91585768933476,"15"
1,1.57748961667706,-0.224491744536653,"15"
1,-0.108035511770759,1.23540534630137,"15"
1,-0.23746297070365,1.18274050608224,"15"
1,0.571766280592239,-0.943216911150565,"15"
1,-1.12309552620344,-0.734950231352974,"15"
1,-0.106888814250868,-0.404091787472739,"15"
1,1.05672701286503,-1.60925456183737,"15"
1,0.206656744711255,0.675371024735191,"16"
0,-0.385304913307856,1.76753790312794,"16"
1,-1.84323719954989,0.399566679892591,"16"
1,-1.04898876970656,-0.342640045556898,"16"
1,0.853340515020065,-0.0302612910339534,"16"
1,0.287442130031634,-0.289345270008726,"16"
0,-3.05452062707125,-1.20947507068542,"16"
1,-0.79182343267139,-0.398164351802674,"16"
1,0.218946254508995,1.02420394149826,"16"
1,-0.623028160594095,0.613410556069746,"16"
1,0.200156015992052,-0.344179515900789,"16"
1,0.600570122101342,-0.824849182943776,"16"
1,0.517430919212989,-1.11734908127649,"17"
0,-1.894626521468,-1.06411025432302,"17"
1,-1.15170376559509,0.0567589312921637,"17"
1,0.762375330232607,0.644943871580813,"17"
1,0.599483153014177,1.97060027886699,"17"
1,0.708036772592815,0.941525904258586,"17"
0,-0.266600125362759,-0.771884681094557,"17"
1,0.65218458638937,-1.6521022871617,"17"
0,0.165725328995054,-0.975768180179442,"17"
1,1.7263937169407,0.357416459077491,"17"
1,1.00565385291942,-0.379302873493608,"17"
0,0.05983143720625,-1.87606790205794,"17"
1,-0.0963073712272118,0.352738718840752,"18"
0,-1.27462215109337,-0.522891442184016,"18"
1,0.988297812395213,-0.131963693111723,"18"
1,0.893151602615523,0.467893045537307,"18"
0,0.848263155686002,-1.08929606968886,"18"
0,0.878867731237253,-0.0225605530055506,"18"
0,0.249334500105251,1.99765328001424,"18"
0,-0.386543189457365,-0.828004812470052,"18"
0,-0.311060992338142,-0.0295716825520086,"18"
1,-0.311849514021968,-0.957767751505538,"18"
1,0.439656126053974,-1.60969626246635,"18"
1,0.274685588408205,-0.905428313832772,"18"
1,1.08143495462184,1.17639204252836,"19"
1,0.250388110977514,-0.45080888890326,"19"
1,-0.934239351859674,0.100561725794574,"19"
0,-0.503767941672573,-0.225973221128005,"19"
0,-0.943070504720677,-0.0380134418568902,"19"
0,0.242879844757631,-0.141940486194879,"19"
1,-0.653662951973424,-1.16961259763768,"19"
1,1.69385583995792,2.63337248993804,"19"
0,-1.0979128853413,-0.00744796488432659,"19"
1,-0.68949184618852,-0.621157124307141,"19"
1,2.54322977061771,-0.202509167063622,"19"
0,-0.569972766433617,-1.32994162850923,"19"
1,-0.145477465253521,-0.306397209923348,"20"
0,0.0760140835773119,-0.454200653735556,"20"
0,-1.80613278806074,0.156904698910835,"20"
0,-0.831632426652151,0.401494187869156,"20"
0,-0.779237458157539,0.0957282261958079,"20"
1,0.0879625319974339,-0.00272569163699709,"20"
1,0.69556927655785,-1.3458976197478,"20"
0,1.60778493243685,1.29979890718338,"20"
1,-0.203107374705061,-1.13076190309308,"20"
1,0.240826117056771,0.299087268146157,"20"
1,-1.59502254402555,-0.591365452778808,"20"
0,0.714422983893027,-0.351576655016147,"20"
1,2.24409778704233,1.80361331700523,"21"
1,-1.12577574679949,-0.606488979139074,"21"
1,-0.35696425449813,-0.897128450242794,"21"
1,-0.981873725580971,-1.09555284169131,"21"
1,0.755231024035192,-0.504711667748014,"21"
0,-0.693264148083464,1.35515572243743,"21"
0,0.683090425374997,-0.486992775576093,"21"
1,0.838316907666393,-0.257936648918428,"21"
0,0.148906781079555,1.36405887777867,"21"
1,1.45936244696658,0.350328385881042,"21"
0,-2.37475107020667,-1.67869415661144,"21"
0,0.713679105708262,2.33034226662921,"21"
1,-0.301369538001494,0.520388283969233,"22"
1,1.62063593022033,-1.30072407997691,"22"
1,0.89725283000411,-1.36462736279807,"22"
1,0.0891954911795956,-0.542249250344849,"22"
0,-0.739745229069409,0.316351446795492,"22"
0,1.74555557141959,1.11224453223864,"22"
1,-0.428986639215044,0.653177848725181,"22"
1,1.6744575555997,0.714663218920428,"22"
0,-0.275925124963798,-0.740904348201005,"22"
0,-0.496334584397465,0.831965956777589,"22"
0,-1.39820260858828,-0.048348785149693,"22"
0,1.58826328339448,0.0102117998218959,"22"
1,-1.25498156854253,-0.694950614977668,"23"
1,1.05006611335415,-1.24398938476135,"23"
1,-2.18328317477449,-0.669808955332983,"23"
1,0.785093500963767,-0.383050704077109,"23"
0,-1.64080761663626,-0.464081627394007,"23"
1,0.0895034659095888,-1.58167075293399,"23"
1,0.650254871992385,0.910104967178287,"23"
1,-1.56904831333991,-1.00650955388532,"23"
1,1.12109639584243,0.376866416825837,"23"
1,0.209864082776621,-0.37819195891125,"23"
1,-2.00394468951136,-0.493630665161669,"23"
1,-1.51834615022831,0.322790769462552,"23"
1,-0.575660115542722,-0.156554705823235,"24"
1,-1.57256972826017,1.66946092158753,"24"
0,-0.259394187829018,-0.425828236217184,"24"
1,-0.536258354387744,0.818335515105568,"24"
0,-1.35515524628349,0.724070831926015,"24"
0,-1.22306930632139,1.28091946932719,"24"
1,-1.38493243657288,-0.56055112574619,"24"
0,0.957358404391703,1.12812806754214,"24"
1,0.687004399954355,0.332350056453305,"24"
1,2.10731789506741,0.338392054305427,"24"
1,0.0661026588554307,0.168910231499818,"24"
0,-1.10877865705883,-0.451513856659302,"24"
0,-0.781690395926062,0.488095841696879,"25"
1,1.53232396560764,0.784307152462041,"25"
0,-0.337386196416446,1.08614553966642,"25"
1,-0.899912938659367,-0.389390763335753,"25"
0,-0.526740837090686,0.0937872565372084,"25"
0,0.494605493582938,-0.628347338697224,"25"
0,1.41502384646457,0.0138157318286419,"25"
1,0.646335476360228,-0.810826070760936,"25"
0,1.01014407647323,2.49297808244139,"25"
0,0.546479067723876,1.44499779057229,"25"
0,-0.334444446609797,-0.795995832264079,"25"
0,-1.47273527148607,-0.454646703403088,"25"
0,-0.759148635769486,-0.889250014390545,"26"
0,0.62207189016163,-0.465873121952454,"26"
0,-1.52585907846732,-1.08327737640251,"26"
1,-0.468611650356965,0.171507526859524,"26"
0,-1.64524179603434,-0.647090691978187,"26"
0,0.497979368807059,0.50404090252652,"26"
0,0.539254940049903,-1.64017502345113,"26"
1,0.0877871000550751,0.783875304255563,"26"
0,0.753585495344523,0.630962420575383,"26"
0,1.90621877788345,-0.186085111986269,"26"
0,-1.39436575316775,-2.18508963767491,"26"
0,0.19559607531337,-0.86431330318019,"26"
1,-1.13405601577359,0.89161788369624,"27"
1,0.618500167096136,-0.680612881601908,"27"
0,-0.126270595846574,1.31303451714074,"27"
1,0.325688269548795,0.276597338266998,"27"
0,-0.57706488332978,0.876635334683872,"27"
1,2.38044795321861,-0.471197766774352,"27"
0,3.14631838830447,0.422465800468219,"27"
1,0.325188530897846,0.0192004843385475,"27"
0,0.0994059787880625,0.187076074643475,"27"
1,0.757983728029546,0.97670438584615,"27"
0,0.233856112833215,0.0880423068083651,"27"
1,1.19102630340121,-0.695682132231743,"27"
1,-0.725732504222356,-3.09970237731561,"28"
1,0.727581955172488,-0.193639274157203,"28"
1,-0.98982977704907,-0.674817958982925,"28"
0,0.224948292890422,-1.80213279162643,"28"
0,-1.3825642230373,-0.332436948952853,"28"
0,-0.51487837389219,-0.432178331001486,"28"
0,0.755312669633104,0.380097319376426,"28"
0,-0.748604274272039,-0.232409206125203,"28"
1,-0.147328179194908,-0.601092157274,"28"
0,0.00687470926488534,0.133556710093313,"28"
0,-1.38800583156752,-0.180355945278687,"28"
0,0.982357129901755,-1.41818635857045,"28"
0,0.335533792825214,-1.47465243371023,"29"
1,-1.04879181690744,0.404728691949067,"29"
1,0.528941292845448,-1.24337752164838,"29"
0,0.307848382844747,-0.695462171045567,"29"
1,1.31262684308631,1.13357743718513,"29"
1,1.45583349069174,-0.142007221338335,"29"
0,0.193799112224943,0.691309312665696,"29"
0,0.377789562373663,-0.535128046767527,"29"
0,-1.13148590011581,-0.737383356386096,"29"
0,-0.478445741178676,-0.569874319113785,"29"
0,0.412828588925895,-2.16029408283452,"29"
0,-0.395510784514097,1.5899751988793,"29"
0,1.26381031481441,0.648874596204568,"30"
1,-0.451460593617614,-0.790705999558529,"30"
0,0.334319895369621,-0.168731633599583,"30"
1,-1.54745901123158,0.816908773223944,"30"
1,-0.440170053049117,-0.532509312713553,"30"
0,0.0912831344222136,0.698454299763064,"30"
1,0.725857998115897,-1.23898425262128,"30"
0,-0.264293979030804,-1.30182773639066,"30"
1,-2.69553048097854,0.236009836072064,"30"
0,1.93419504208701,-0.383352645365425,"30"
0,-0.373823028019574,0.00153069150775143,"30"
0,0.201221811535712,0.37912143934816,"30"
1,0.536785839249404,-0.555794994708241,"31"
0,-1.17082435456502,1.56459301355398,"31"
0,-0.292860433618499,0.662474251655943,"31"
1,0.437472407562678,-0.507488729814322,"31"
1,-1.05803935292173,-0.691412325892766,"31"
1,-0.468466409591179,-1.88289347022815,"31"
1,-0.965811313844597,-0.180736377680921,"31"
1,0.688431945255471,2.25801401699472,"31"
0,0.0812862588361146,1.20128861516352,"31"
1,1.78032411070111,0.87908951825893,"31"
1,0.721945720875665,-1.01254989790657,"31"
0,-0.449604603752484,-0.00905952474999819,"31"
1,-0.344058346292738,0.484969585458403,"32"
1,0.00550637637841983,1.26039531219344,"32"
1,2.40803663994564,-2.25039091687568,"32"
1,0.315894439600154,0.629486526097096,"32"
1,-0.231515258237561,-0.3551631851598,"32"
1,0.318042983188482,-0.0762704814109068,"32"
1,-1.69981882792131,0.797053251769004,"32"
1,-1.41920514637291,-1.78333752279336,"32"
1,1.9486392040388,0.0186703439352698,"32"
1,1.21808579110869,0.522691634215939,"32"
1,-0.113918726491287,0.848594111774926,"32"
1,-0.544240097704029,-0.881918564793992,"32"
0,-1.4426772638884,0.601018559724972,"33"
0,0.0724114411996458,0.413197736740654,"33"
1,-0.502485728281339,0.530013947865054,"33"
1,1.57777465791643,-0.318532483523621,"33"
1,0.898044631911835,0.157606060700273,"33"
1,0.248135473966044,0.0951589193756377,"33"
1,0.943450909018501,1.2022848122536,"33"
1,-0.60404871295978,-0.70859234081044,"33"
0,-2.40486626571662,0.103953569738275,"33"
0,0.595193281944447,0.791639229645469,"33"
0,0.460658389836084,-0.585336500251396,"33"
1,0.0672959102496829,-0.581448202633869,"33"
1,0.729976710412502,0.18956546575975,"34"
0,-0.243919184528226,-0.664687006452031,"34"
1,1.20662697129986,-1.46994093823529,"34"
1,0.593818593667292,-0.531945085753978,"34"
1,-2.78177699760201,-1.25124760470861,"34"
0,0.318741088370292,1.72965507514174,"34"
0,2.85918182124697,-1.56915747298109,"34"
1,-1.89875028707531,-1.79182188822167,"34"
1,-0.494730133906945,-1.55196105299113,"34"
1,0.558704514768128,1.13336659833644,"34"
0,-1.40470972200265,0.45365427504565,"34"
0,1.38269371286553,-0.953799874599075,"34"
1,-0.657442835963652,0.260391952682154,"35"
1,-0.527703358965555,0.447703931118889,"35"
0,-0.420201791486391,-0.230826740594291,"35"
1,-0.920471023682884,-0.807136218258484,"35"
0,-1.15733710204046,0.906434034314244,"35"
1,0.659734160858898,-0.768792938838625,"35"
1,-0.586022987574584,-0.156468777639983,"35"
1,-0.281477524099171,-0.840307452418287,"35"
1,0.733192912509579,0.610288043171141,"35"
1,0.784157994624858,-1.86751559104669,"35"
1,0.912891666920394,0.786339289988252,"35"
0,-0.623993947726381,0.234833637779192,"35"
1,-0.223643865254132,-0.507584389275413,"36"
0,1.22333584951578,-0.184403643346331,"36"
0,2.11187310684183,-1.31957869082889,"36"
0,0.883425068827542,-1.19047088265377,"36"
1,0.407513602137961,-0.021520582347898,"36"
0,0.95501620935949,0.923077585977401,"36"
0,-2.33063904164624,0.664586159290133,"36"
0,-0.893237124153683,0.792215020636893,"36"
1,-0.209915307013487,0.0697077365968477,"36"
1,-2.64215245284196,0.0624219110429291,"36"
0,0.664847743103982,-0.460461754039672,"36"
1,0.133171348036263,-1.32327797439024,"36"
0,-2.05234799848956,0.0878698545653523,"37"
0,-0.0265840617951315,2.41318186704592,"37"
0,0.592474578951452,1.9296653292094,"37"
0,0.631566319675282,0.534720512105715,"37"
1,-0.959788762580541,-1.22373160155749,"37"
0,0.32117867835002,-0.174468858761511,"37"
1,0.522411126085201,0.293804310136237,"37"
1,0.604741682611099,-1.2568393965703,"37"
1,0.961072311922346,1.78149389729672,"37"
1,-1.15162441104048,-1.15825493692382,"37"
1,-0.700018949918259,-0.208547473531587,"37"
0,-0.00662720693442234,-0.958856259276997,"37"
0,0.909125268785798,-1.52482070768293,"38"
1,0.493321378392138,2.15806652432094,"38"
0,-1.81473875643129,0.0543950925888849,"38"
1,0.793361038855855,0.000768498426569653,"38"
1,1.13159992272917,0.340117613526538,"38"
1,-0.916332995610156,-0.0622282302271462,"38"
0,0.289360532709083,-0.683097510187528,"38"
1,-0.876696710575398,-0.66944730999396,"38"
0,-1.31932933917274,-0.15076058530821,"38"
0,-0.640924269284352,-0.203494027091693,"38"
0,1.98221386115406,-0.567616512022407,"38"
1,0.184348875569398,0.0936612849143023,"38"
1,1.84401071134626,0.5903297367339,"39"
0,0.66943270625291,-2.16400324806848,"39"
1,-0.0497287995068332,0.20128884048523,"39"
1,-0.465084776862391,-0.370797528511128,"39"
1,-0.149776142667997,-1.31911881223573,"39"
1,0.49597895433644,-1.53670003311331,"39"
1,0.921999125053441,0.764575358488992,"39"
1,0.122211935246817,-0.609736862691275,"39"
1,0.0261160110493188,0.68258058431694,"39"
1,-1.41911438189304,-0.13061715122155,"39"
1,-0.303602726892244,2.27824074052922,"39"
1,1.18714728306921,-1.71036744327271,"39"
0,0.320006226248607,0.779807483483528,"40"
1,-1.44240513128053,1.53623820741562,"40"
0,1.8870255704872,0.0899690311324836,"40"
1,0.383486374297197,1.28639525932291,"40"
1,-1.43402226308214,-0.426572444985269,"40"
1,0.0153258598742354,-0.312014772228566,"40"
1,0.358016164337407,0.85229300352027,"40"
1,1.04915906911401,-0.629075744379075,"40"
1,-0.350193992562984,0.746134841845926,"40"
1,-1.23127305360384,-1.11619776597611,"40"
1,0.255537292421421,-0.598787354664875,"40"
1,0.877028474834851,-1.68216387665843,"40"
1,0.703967848635701,2.45581572326362,"41"
0,-0.83846667167225,-0.592996138271927,"41"
1,-2.87488957374189,-0.439939833162101,"41"
1,-0.576447310939482,-0.711879958710164,"41"
1,-0.121906289450276,-0.179976526907645,"41"
1,-0.425397484221154,-1.13624494831527,"41"
0,-2.26872180028587,0.921092128942141,"41"
0,0.433059525795914,0.351778027802553,"41"
1,-0.71955784194488,-0.250914320545063,"41"
1,0.710466924260538,0.119632339061495,"41"
1,0.297806182750629,-0.959405783081584,"41"
1,-1.10697247365466,0.302400477901698,"41"
0,0.592583809868621,0.17583387837068,"42"
0,-1.2021303924877,-0.567677881481247,"42"
0,-0.0462737947647233,-2.44452283305337,"42"
1,1.98338268223948,0.781074491433775,"42"
0,-1.01400748506229,0.27080908850771,"42"
0,0.278827182529743,-0.296676679405233,"42"
1,0.935500900870446,0.233034035372629,"42"
1,1.0438446924319,-0.372439843883567,"42"
0,1.40388468855071,0.0796021764950904,"42"
0,0.0774069390213978,-0.35143859523212,"42"
0,-1.53047542248465,-0.114709723042544,"42"
0,-0.492137005859683,0.95528823383222,"42"
1,1.15640031133569,1.19473442965463,"43"
1,1.1674882083107,0.194661649546045,"43"
1,-0.213324754187305,0.972319007693302,"43"
1,0.459955405967056,-0.638385880389758,"43"
1,0.529007062394934,-0.0143296629440457,"43"
1,-0.518564566407432,-1.36744527045703,"43"
1,0.988157939142997,-0.669397858282777,"43"
0,0.752912811530843,0.817966108680478,"43"
0,-0.497046338597975,0.778953502989464,"43"
1,-1.25379672641075,-0.296034549913118,"43"
1,-0.311040226529252,-1.31687699961837,"43"
1,-1.10973046082965,0.358666268034065,"43"
1,-0.897657271271517,-1.48415541731156,"44"
0,-0.118035640211493,1.96010915012307,"44"
0,-2.00493681781839,0.274179935448446,"44"
1,0.274897450727456,-0.548004855477551,"44"
0,-0.628518921848786,1.68649989685259,"44"
1,-1.20891855977725,-0.626777068008546,"44"
0,0.0381641591566967,0.251685466820432,"44"
0,-0.65456517547385,0.277154731946157,"44"
1,2.21156146156167,1.52652432129413,"44"
1,0.379749747122814,0.169149594411085,"44"
1,0.156642246640607,-0.510951791771059,"44"
0,-1.53021074199961,-0.475102391645643,"44"
1,0.449861757637768,0.681578755013736,"45"
1,0.273111806102302,1.82694208724129,"45"
1,1.46444194428239,0.425778298876674,"45"
1,-1.19578587166723,-1.63697647557283,"45"
1,-0.657013192069625,1.01700519454785,"45"
1,0.727658732799181,-1.81852895704952,"45"
0,-1.78866230708466,-0.194431002075728,"45"
1,1.09929893519646,0.968322125795187,"45"
0,1.60492032377144,-1.76972224111174,"45"
1,0.918882748215178,1.22688409860004,"45"
1,0.691312485536051,-0.292623738143549,"45"
1,1.09403201274692,-0.0287532016791501,"45"
1,-0.104479820510826,-0.0240096655608824,"46"
1,-0.264917614780447,-2.09011083813848,"46"
1,-1.11261167990507,-0.335761550845969,"46"
0,0.0443020475879422,0.144095782426683,"46"
0,-0.0415251129089819,0.850438528378387,"46"
1,0.00695598432928335,-0.192821011810386,"46"
1,-0.228916055858249,-1.48406980197176,"46"
0,-0.48720263343154,0.860101359989275,"46"
1,-0.423987058914529,0.0721464109959495,"46"
1,1.75931458902664,-0.147650215973403,"46"
0,0.2233650280787,0.719686141091382,"46"
1,1.04010110242223,0.39192937624918,"46"
1,-0.147350029743305,-1.23085413049175,"47"
0,0.33898914860368,1.04088152090572,"47"
1,0.406476694084281,0.835381021386086,"47"
1,0.622622477518854,-0.614688112250088,"47"
1,1.2185194145227,0.3178826430696,"47"
1,-0.868955790368774,-1.49661383199147,"47"
0,-1.30911531597809,-1.06636186398317,"47"
1,1.40111116943192,-0.605208958454765,"47"
1,1.07771043656356,2.35027603205482,"47"
0,-1.45740240357766,0.606012449539993,"47"
0,-0.582354019424057,0.15162432253682,"47"
1,0.170430241944928,-1.38624081988705,"47"
1,-1.87122898160245,-0.256988663763242,"48"
1,-1.32935872334225,-0.986540669384455,"48"
0,-0.415290239596621,0.243400723968172,"48"
1,-0.35709300791575,-0.705011540402175,"48"
1,-0.466746090076151,-0.317324478231075,"48"
1,-0.959916675911942,0.317235060596196,"48"
1,1.20120614027968,-0.119934772921458,"48"
0,0.029140405233616,0.0835043521051717,"48"
0,-0.107074378149657,-0.651297468193366,"48"
1,-0.499428344279201,-0.758706831882748,"48"
1,-0.56973945193091,0.791551599834323,"48"
0,-0.931147036951915,-0.497715771536271,"48"
1,0.843008173203767,1.24193207943791,"49"
0,-0.982286183791677,-1.66745425655225,"49"
1,-0.313019424914566,-1.43062693042002,"49"
1,0.775612955901206,-1.40027925908326,"49"
1,0.211778050661023,-1.28660302897236,"49"
0,-1.25818828712489,-0.0819210598729555,"49"
1,-1.16651227745715,-0.946874463637584,"49"
1,-0.15048915163309,-0.364678990775376,"49"
1,-0.596453595528476,-0.56910088704727,"49"
1,0.683195862732674,-0.726180363543694,"49"
1,0.397081583871331,0.844015038605258,"49"
1,-0.876390555553435,-0.253332146144125,"49"
1,-0.294613883697983,1.08624207646737,"50"
0,0.486801178435507,-0.00756379714982965,"50"
0,-0.818553910219273,0.411469410821268,"50"
0,1.43973734726062,0.565115404411569,"50"
1,0.0289008022583349,1.06567088244045,"50"
1,1.01369953608811,-1.17914334809987,"50"
1,-0.786091363831984,-1.40942076999336,"50"
0,0.730570507627754,0.0776332555061091,"50"
1,-0.663319981065094,-1.10557462792528,"50"
1,-0.0496793868284212,-0.472506709423827,"50"
1,0.0860212969869114,-0.819401865023579,"50"
0,-1.72554137868021,1.23672531869951,"50"
0,-2.6470056670384,0.390912878270096,"51"
0,2.13360597828474,0.399747748917697,"51"
1,-0.589263666067521,-1.17531136579521,"51"
0,1.15797982055406,0.0770586403877608,"51"
0,1.53826223448758,0.315738742402377,"51"
1,1.39728860277788,-0.263807104633101,"51"
0,0.520070666475899,-0.951006557248754,"51"
1,-0.271332366172668,-3.2680687960592,"51"
0,0.759190708178251,-0.167953610347027,"51"
0,-0.480140512475249,-1.67194470551065,"51"
1,0.274054799275297,-0.902040137866306,"51"
1,1.43957738935358,-1.85757729768315,"51"
0,-0.172360087824699,0.664110024035709,"52"
1,-1.97065168958886,0.802143567067108,"52"
0,-0.349516257990355,0.0943924619035503,"52"
0,-0.0449984491381367,-1.42271937775431,"52"
1,-1.58530697152962,-0.0320920350318376,"52"
1,-1.64525327554084,-0.06260905525746,"52"
1,-1.22053001235196,0.863186322329571,"52"
0,0.0713070268426857,0.961386084902918,"52"
1,-0.0997564401820268,-0.395936871951524,"52"
0,1.45595149322096,0.161076490234793,"52"
1,0.0336637456327179,-0.0503466066690348,"52"
1,0.367034246989352,0.197287070201538,"52"
0,1.04418533555209,-0.63329314248084,"53"
1,-1.24963982293592,-0.777435984315099,"53"
1,-0.449152752763651,-0.300150097884275,"53"
1,0.5197045496311,-0.206861072600106,"53"
1,1.33534609887906,-0.170299538093946,"53"
1,0.447693022073408,-0.323799192836885,"53"
0,-1.31395680801187,2.05993345830659,"53"
1,-0.803288070476829,-0.453377807620956,"53"
0,-0.66798981386396,0.923566163837246,"53"
0,-0.305794205941105,0.632470036226216,"53"
1,0.312437702590983,-1.54272376055896,"53"
1,0.316852038086259,-1.12524179264482,"53"
1,-0.266243695950355,-1.03846621317572,"54"
0,0.180686342151344,1.33579792356957,"54"
1,0.655407014974042,0.875038117056433,"54"
0,1.04413644979748,-0.355835569613066,"54"
0,-2.27148885702781,-0.0441109626371819,"54"
1,0.752386923979444,-1.59628369490646,"54"
0,-0.322485972279969,-0.600507795500569,"54"
0,-0.752980496377131,-0.779609544930987,"54"
0,0.1307393981092,-0.417733199994706,"54"
1,0.679824362144751,-0.355655731635018,"54"
0,0.524619411569399,1.4864751148343,"54"
0,0.918565582141375,0.921111418413111,"54"
0,0.805816659039514,0.189214528093044,"55"
0,-1.12148088409689,0.324840628400386,"55"
0,-1.0099111808423,-1.02652803122072,"55"
0,-0.610523325357286,-0.146393409090881,"55"
0,-0.174671400419046,0.323713329323269,"55"
0,0.694819781194746,0.58743291112798,"55"
0,-2.88056992131553,0.629559930920823,"55"
0,1.1185782304454,-0.711144260349075,"55"
0,0.979494964551054,-0.337150995560965,"55"
0,-1.1949619576396,-2.31444193205522,"55"
0,-1.05814229023195,-1.32459082854987,"55"
1,-0.306158301539256,2.68186669894997,"55"
1,-0.172160524495333,-0.66698892528481,"56"
1,-0.0918753157448731,-0.77465181513299,"56"
1,-0.874462586222029,0.0511258898226727,"56"
1,-0.752330224193512,0.446357462880739,"56"
1,1.54906385334824,-1.39831878733051,"56"
1,-1.59120847388559,1.04935899594278,"56"
1,0.467272705327647,-0.238455630520644,"56"
1,1.21598080450123,-0.992363091699163,"56"
1,0.866119330931708,0.939909914571656,"56"
1,0.640151432989372,0.355131313121032,"56"
1,0.443476928594604,0.745420519780434,"56"
1,-0.450474555791968,-0.494447748091182,"56"
0,0.0397365435327351,-0.627857062843599,"57"
1,-0.564584765141021,-0.902901032206172,"57"
1,1.1960816987022,0.205429196833284,"57"
0,-0.379703579652278,0.666622099008862,"57"
0,-1.63579781568607,-1.98881357413119,"57"
0,0.348442359588844,1.06429888939712,"57"
1,0.463917378532775,0.447795756850981,"57"
0,0.236124803742639,-0.402321355357566,"57"
1,1.13377213069217,0.444543432852625,"57"
1,-1.15530324976223,-0.732577677594917,"57"
0,1.14492481571359,0.483923976162546,"57"
0,-0.285447622565479,-0.515751977583999,"57"
0,-1.20488517639158,-0.224275351312058,"58"
1,-0.164267048840362,0.0493335931639976,"58"
1,1.57974853781178,0.210289110794536,"58"
0,0.53611911245731,-1.20146622954173,"58"
1,-1.36086952066573,-0.492272664421931,"58"
0,-1.35783126835527,0.184742062189116,"58"
1,1.0479304508286,-1.42766346261199,"58"
1,1.11898546677779,0.820077568228057,"58"
0,-2.01152655753212,0.621492903053727,"58"
1,-0.660634771145262,0.555501765660227,"58"
1,1.61102364477448,0.0825075520882349,"58"
1,-0.404157024038143,0.150544785624466,"58"
0,-0.0140086835491082,-1.3724278007502,"59"
0,0.0368529383613627,0.128498806329206,"59"
0,-1.17332619594239,1.03183998901199,"59"
1,1.14506173177078,-1.23761051186682,"59"
1,-0.697265620811733,-1.09941049104795,"59"
0,-0.745305302302397,-0.360029780176591,"59"
1,-0.491403816903828,0.156554579471527,"59"
1,0.551864688411851,0.329240891983177,"59"
1,0.299838180503741,0.522438703688716,"59"
1,0.848295822988594,-0.0290043370129106,"59"
1,1.65828887973686,0.498906716772143,"59"
1,0.330708867592282,-0.606300499785669,"59"
1,0.21521261482857,-0.0610504666681193,"60"
1,0.276938292122701,-0.307553697076662,"60"
0,-0.859138154051379,0.744335345254479,"60"
0,1.76308688067041,0.148025208853003,"60"
0,-0.852118919750583,-0.890734644599015,"60"
1,0.404656679780071,1.27445408810073,"60"
0,-0.426992142928476,-0.107726087850901,"60"
0,0.573207138925484,-0.647296617101462,"60"
1,0.0690257640106825,0.939347189926097,"60"
0,0.0783563970672178,1.59962376995674,"60"
0,-0.462116308435278,0.94809101407724,"60"
1,0.428315191481585,-1.43601561428285,"60"
1,0.599188371436757,-1.22856120502524,"61"
1,0.302065933927887,-0.482954091709197,"61"
1,-1.81078460247651,-0.548058846597482,"61"
1,0.822645275554296,-1.26709788041195,"61"
0,-0.00402344256503291,0.485061827173394,"61"
1,0.514335399634069,-0.631303512962909,"61"
1,-0.697852542111007,0.0554892918946634,"61"
1,1.7482892078508,-0.999427616180422,"61"
0,-0.789662143964027,0.974629439914065,"61"
1,1.17386619026944,-1.3936622226943,"61"
0,-0.689159229303491,0.650114362839125,"61"
1,2.04125399237778,1.42888405039173,"61"
0,-0.0634947879970689,2.39466599835926,"62"
0,-0.202612066012758,-1.37834936160946,"62"
1,0.820282046699711,-0.257271453716384,"62"
0,0.11412370689178,1.59959727180622,"62"
0,-1.39286395175807,-0.251260659387795,"62"
0,-0.62051657302094,1.39753828617362,"62"
0,1.68285564871817,2.24968603672199,"62"
0,-1.11615183385008,-0.21010280901097,"62"
0,0.946979945980054,-0.108420732366593,"62"
1,0.557533477877919,-0.389952171674104,"62"
0,-0.263085952818973,0.644587818294734,"62"
0,0.53783199908449,0.545315445018089,"62"
0,-0.604633103062161,1.88896517184908,"63"
1,-0.0926017706617326,0.946349732810917,"63"
1,1.08411868277623,-0.293420288273216,"63"
0,-1.91491503753571,-0.251896931887952,"63"
1,-1.00814385917159,-0.542088775105636,"63"
1,0.281055438694975,-1.24836009874054,"63"
0,-0.928532814487539,-1.43591966070829,"63"
1,-0.612050288411085,-0.0732230007754403,"63"
1,-1.02953265812916,-0.694970952423557,"63"
0,-0.169270631721961,-0.00976103951932431,"63"
1,0.851506606744906,-0.0583336013965724,"63"
1,1.98886528941221,0.889006469505281,"63"
1,-1.23484754198881,-2.36397851876972,"64"
0,0.185660464558852,2.73475041226907,"64"
0,1.43472597428463,0.953711312065139,"64"
0,0.481672463180303,1.3104135229639,"64"
1,-1.11821847736895,-1.82368348145203,"64"
1,-0.172725602293592,-0.135414048897735,"64"
0,0.750344581579139,-0.402137419879308,"64"
0,0.668254357823485,2.63825372505692,"64"
1,-0.0805317720484384,-1.0915889671705,"64"
0,0.780836794413138,0.0565385461058079,"64"
0,0.880075647605133,0.464439819144383,"64"
0,0.912628463764329,1.29259846807748,"64"
0,-0.792957542282499,1.48981084941169,"65"
1,-0.395665952057848,-0.111382742863461,"65"
1,0.522797575994739,-0.135870484532723,"65"
0,-1.22374210353631,-0.283266598184038,"65"
0,-0.167033398266793,0.704466028604247,"65"
1,0.723157119599995,1.14844663639926,"65"
0,-1.30919029252239,-1.26003040570043,"65"
1,0.55643639012253,-0.70644658134303,"65"
1,-0.826287307886182,-1.05320469053514,"65"
0,-0.517672524799136,2.17960779632797,"65"
0,-0.498860200857639,1.08447167868491,"65"
1,-0.236016131249379,-1.23218013315347,"65"
0,0.695658459317363,-0.59714442332495,"66"
0,0.721547198573067,-0.548361471288579,"66"
0,-1.46945930158556,0.597173078446166,"66"
1,-0.868231973387896,-0.684458028770458,"66"
1,1.31011951573278,-1.21072109074447,"66"
0,0.342644666308556,0.601050500574077,"66"
0,0.302141543224665,-0.0402456577313807,"66"
1,-1.24837581669651,-0.690707688362367,"66"
0,-0.512389371510523,0.799633852024315,"66"
0,-0.621642162360732,1.48384212426676,"66"
0,0.380382534872521,0.937076632872345,"66"
0,-0.506099464548837,-2.09930430437833,"66"
0,1.95356537265602,0.38910219418526,"67"
1,-0.465200449523984,-0.791428937213332,"67"
0,-0.279904822786723,-0.322613354581595,"67"
0,-0.231436728507317,0.946895897470573,"67"
0,0.590196387383908,-0.158392289508287,"67"
0,-0.859996704495012,-0.235878883936136,"67"
0,0.4944242723477,0.200086982405828,"67"
1,1.13060134916061,0.683305119435991,"67"
1,-0.232726365552203,0.692688365589234,"67"
1,0.181558074981095,-0.0583137414112528,"67"
1,1.22887586592016,-0.155698872978897,"67"
1,-1.34824385542018,1.9561031390207,"67"
1,1.03042556467685,1.48499631181177,"68"
1,1.32043606791713,-1.09114232548456,"68"
0,0.312076775289902,0.993907874443392,"68"
0,0.17956620077697,-0.357231195053402,"68"
0,-1.57875399218427,1.03359660584889,"68"
0,-1.17657249191515,0.234934158106437,"68"
0,-0.36862919370685,-0.19473256986165,"68"
0,-0.136992092003458,-1.33164658824112,"68"
0,-1.52034382410106,0.579737864261689,"68"
0,-1.36287532813585,1.03218344886997,"68"
1,2.16495523722695,-1.82838766973719,"68"
0,-1.13117176339369,0.93254811229062,"68"
1,0.330832734178771,-2.32583443514267,"69"
1,0.383195873477594,1.04303561497475,"69"
1,0.413144505295941,-0.146271218013128,"69"
1,1.05125271443658,0.00122303522588323,"69"
1,1.0550300295139,0.581196972278856,"69"
1,1.02262102926906,-3.57949199779711,"69"
1,-0.248314681661105,-0.877223345580863,"69"
1,-0.000174011751660783,-0.0300058943572634,"69"
1,-0.0284608618169568,-0.105428909614284,"69"
1,-2.29983704791938,-2.37274373547628,"69"
0,-2.02593943117763,1.5572305105307,"69"
0,-0.864615279784215,0.181676051375314,"69"
0,-2.92372598940638,-1.4240609542751,"70"
0,0.101463221751924,0.272765794484824,"70"
0,-1.07663374817808,0.997876472140363,"70"
0,-1.32922496811161,-0.636711625227237,"70"
0,-1.50227025058729,1.18740253237211,"70"
0,-1.18843192521755,-0.647536835005903,"70"
0,0.290377476948273,-0.790131614080125,"70"
0,0.630209744061957,-0.604812587913013,"70"
0,-0.52901843664987,1.10974423266113,"70"
0,-0.327796727936141,-1.65801341781817,"70"
1,-0.400746320012211,-1.54957512200548,"70"
1,-0.74268275756898,-0.920290055360581,"70"
0,-1.47352195405749,0.4424899812,"71"
0,-1.84499684381388,-0.502454784117194,"71"
1,2.19785287733167,-0.358094045313781,"71"
1,-1.03494464893209,0.527397360635687,"71"
1,1.55811801082767,0.280444796624146,"71"
0,-1.32558666880039,0.504414060248162,"71"
1,0.363914305757571,1.57600301457381,"71"
1,0.766710484752441,0.392650056951464,"71"
1,0.0590331612568879,0.463667628185284,"71"
0,-0.636824799936453,-1.46004618054626,"71"
1,0.657574213105663,-0.386561272433278,"71"
0,0.958400403089326,0.749679962528603,"71"
1,-0.141869447115396,2.17442462092675,"72"
1,-1.78736630749756,0.500253480393527,"72"
1,0.302297291739514,-0.395807257037253,"72"
1,0.123013421025132,0.0469327919212188,"72"
0,0.830200527261101,1.36038399199673,"72"
0,-0.87150026189388,0.318659312918809,"72"
1,0.877879377953735,1.75664708806554,"72"
1,-0.46147042263061,0.351098535306815,"72"
0,-1.24278620290273,-0.534559460388971,"72"
0,0.658149894673844,-1.06647835950927,"72"
1,-0.438013674365479,1.73243551753782,"72"
1,-1.13232477929346,-0.555762193880683,"72"
0,-1.89059404682088,0.128938367565378,"73"
0,1.82398486926573,0.282611156162836,"73"
1,-0.962678753694283,0.368050351592261,"73"
1,-1.31822706434725,0.305270384829409,"73"
1,-0.531592706957338,-0.324374353991686,"73"
1,-0.793203812382457,-0.734494980507846,"73"
1,0.0105797997692564,1.39282457568564,"73"
1,0.188696161398034,-0.0669771019848114,"73"
1,0.785095864552043,0.471857316809533,"73"
1,-1.70123533518067,1.91924591832239,"73"
0,-0.298070681678769,0.367391530272356,"73"
1,-0.446652455865564,-1.30668489562113,"73"
1,-1.54954011579209,2.19465269052843,"74"
0,-0.764218048537628,-1.3147972946241,"74"
1,0.012215327133324,1.24553756518118,"74"
1,-1.22591255760547,-1.0079522755177,"74"
0,-1.58360842499442,-0.748796840524336,"74"
1,0.249505381063273,-0.169091814953536,"74"
1,1.24632938395143,0.489769158584347,"74"
1,-1.69845523662797,-0.571736299255135,"74"
1,-1.08772916173118,-0.222187869001002,"74"
1,1.54055394683338,0.501585859550123,"74"
1,0.847054389289335,-1.35361486526384,"74"
1,-0.888710716348956,0.90551011115697,"74"
1,-0.845939681843723,-0.47399097731735,"75"
1,-0.439261339686204,1.26682894789113,"75"
1,-0.679646666568103,-1.18919419777835,"75"
1,-0.906361283342405,0.434609328504752,"75"
1,0.760849234737785,2.96236878666526,"75"
1,-0.0878343592869054,-1.01944542522922,"75"
1,1.16120339948276,0.668533734750167,"75"
1,-0.759654681304708,-0.489980713726525,"75"
1,0.0229233775014178,0.570661517495769,"75"
1,1.67726214933587,0.864709347613574,"75"
1,1.30144471555532,1.05808293070929,"75"
1,1.30455490666089,0.111493994894908,"75"
0,-0.491184783027879,1.03264886151521,"76"
1,-0.300222370610692,0.811857489868834,"76"
0,2.11863629290919,-1.62930265618004,"76"
0,-0.686579964159458,0.591175022678259,"76"
0,-0.866828635033887,0.294392355301291,"76"
0,-0.050460081043924,-0.763629259573036,"76"
0,1.19685868111099,-0.160801815144851,"76"
0,-0.729298597167762,1.01659405004196,"76"
0,-0.130486660922979,2.32282513667003,"76"
0,0.4747754914631,-0.33397117663711,"76"
0,0.74271905065878,0.647989871884551,"76"
0,-0.370405845072282,-0.543409189119291,"76"
1,0.955371080246411,-1.87336051065541,"77"
1,-0.146852810036107,-0.96379829374426,"77"
1,0.922817097620607,0.330040252951029,"77"
1,0.774136756098791,-1.23182407608496,"77"
1,-0.707451067215425,-0.81594709555886,"77"
0,-0.248417081657351,1.95806281708496,"77"
1,-0.899915898012225,-1.94100390879203,"77"
1,-1.27041020866416,-1.08921833660951,"77"
1,-0.836142358597825,-0.395883035671746,"77"
1,-0.811614642082498,-0.998825864180331,"77"
1,-1.25524555545023,1.14243361531688,"77"
1,-1.08478149391404,-1.47065156131878,"77"
0,-0.855562455392342,-0.0225835162676348,"78"
1,0.45094192685318,-0.0194446038152666,"78"
0,-1.14296736700422,-0.387054030085618,"78"
1,0.680406427340492,-0.390385800003517,"78"
0,-1.70164528794729,-0.39093047537257,"78"
1,0.0171631116050681,0.518918312271225,"78"
1,0.956719678661781,0.23129383842112,"78"
0,0.652048726697537,-0.228013577923296,"78"
1,-0.340711813259588,-0.508281791581054,"78"
1,0.729670142568911,-0.496221408241524,"78"
1,-0.856445482569925,-1.18364433030229,"78"
0,0.159624641726788,-0.654864773182093,"78"
1,-0.775351413841043,0.324356292481727,"79"
0,-1.22307294039588,0.271700271148795,"79"
1,-0.903073112808079,-1.42378610349135,"79"
0,-2.10899192281144,0.101782889247309,"79"
1,-2.30655151725171,-0.191729937842015,"79"
1,-0.602880670379849,-1.52302232487779,"79"
1,0.966314530352154,0.440092762991296,"79"
1,-2.29865237707865,-0.669612118493645,"79"
0,-0.047642519338497,0.631098379102813,"79"
1,0.605322037041358,1.33631779597514,"79"
0,-0.56028321598029,0.429804338163595,"79"
1,0.140023164298015,-2.49716803617324,"79"
0,-0.263050552428925,0.914437431913416,"80"
0,-0.168082973394807,1.28840988047282,"80"
1,0.290924227384415,1.20116852314621,"80"
1,0.613677688475701,-1.41262449910189,"80"
0,-0.0502998906121674,0.713385736682877,"80"
0,-1.73944472700644,-1.03497636717502,"80"
1,-0.152173741234508,1.10136245378493,"80"
1,0.140030670057613,-0.495739980069965,"80"
1,0.218350777022515,-0.0480510317942132,"80"
1,-0.274945537038224,0.466800474943855,"80"
1,0.627346012865661,1.65875453525989,"80"
1,-0.778975404305165,-0.465122393405076,"80"
1,-2.68062985526164,-1.06677321639252,"81"
1,-0.0296330732592434,-0.898607874537626,"81"
1,0.0758911640776476,-0.586310827349571,"81"
0,-0.188899709302591,0.349178504854634,"81"
1,1.02849266679161,2.05689656817746,"81"
0,0.613849450530887,-0.17399211058415,"81"
1,-0.541995178063574,-1.8673298403856,"81"
0,0.727694255147121,-0.580292130472632,"81"
1,-0.27134952836319,-1.03727293182927,"81"
0,-0.223571158792553,-1.71637974773992,"81"
0,-0.694822149759271,-0.146571053162084,"81"
0,0.245831285385019,-1.45679722474281,"81"
1,1.34113337018823,2.07198624821809,"82"
0,-0.535381149462067,-0.887462703861979,"82"
1,0.0888025282769119,0.594675292077063,"82"
0,0.271316067792526,1.21492910229419,"82"
0,0.757205517564222,-0.974064001546819,"82"
1,-0.124869434010671,1.0167568750575,"82"
0,0.776117158192121,-1.67998873859728,"82"
1,0.363469264120011,0.962572554012508,"82"
1,-0.437899662221749,0.756422538187346,"82"
0,-0.0848586538892771,1.51901081721024,"82"
1,1.32774688143416,0.0428397806169518,"82"
1,0.721921510585951,0.685157544547974,"82"
1,-0.575555270944088,-0.501055987066135,"83"
1,-0.317051361197638,-0.510078324960084,"83"
1,0.547484278281223,1.98352415127026,"83"
0,-1.20273195976774,0.741968422236973,"83"
1,-0.642053152613023,0.467246961998116,"83"
1,1.05854601936042,0.265658894873378,"83"
1,0.0866900181426386,0.302791441428524,"83"
0,0.174938969973206,1.15779874023133,"83"
0,-0.471436483533671,-1.46910981249069,"83"
0,0.821955311133999,0.202128301361242,"83"
0,0.383613545902751,-0.599887266190976,"83"
1,-1.91156712029751,-1.96974581972318,"83"
1,-0.538294462382558,-1.37073990754017,"84"
1,-0.885910871072299,0.802770735699278,"84"
1,1.20352542120592,-0.0297340936502571,"84"
1,0.872698609312053,0.432778260404661,"84"
1,0.269655832824478,-1.19947783940387,"84"
1,0.440079222808218,-0.19755747730632,"84"
0,-1.47942202305201,0.0205344513196723,"84"
1,-1.30240141950228,0.683869073679461,"84"
1,-0.32304317168034,-1.08126853479678,"84"
1,0.855609313722376,-1.36064855244969,"84"
1,0.965023612658785,-0.204832067147357,"84"
1,2.03705050818884,1.35300677788908,"84"
0,-0.540852002579676,-0.588790839020968,"85"
0,-0.193752192906099,0.346184253759303,"85"
0,1.12850380249797,-0.165507458473961,"85"
0,-0.0829386064294856,0.652273462841152,"85"
1,0.011954630111364,-0.404966326879821,"85"
1,1.33043282408151,0.633154213387895,"85"
0,-1.44395135176027,-0.691145334960723,"85"
0,-0.594818483925019,1.00646153548282,"85"
0,0.227606276741571,-0.254631631029007,"85"
1,1.28012619843206,-0.156497000555377,"85"
1,2.19706450998618,-0.564094415326968,"85"
0,0.521795189875257,0.77042774292059,"85"
0,-0.68026103066252,-0.628224515017357,"86"
1,-0.0484647800520977,0.489083729423811,"86"
0,-0.34421837620351,-0.51660582546288,"86"
0,0.0344802203306029,1.30616805028524,"86"
0,-0.0655823738649071,-1.66225843951481,"86"
0,0.333923712155585,1.61179058314087,"86"
0,2.29231398582926,0.0255144202041907,"86"
0,-0.637805846662232,0.168277612532808,"86"
0,1.12395697405361,0.736751139701964,"86"
1,-0.595332138760465,0.357186464007172,"86"
0,0.701051855616802,-0.882836403557297,"86"
0,1.25495985331198,0.783538594218537,"86"
0,-0.586065365694396,0.0306838343586733,"87"
0,0.200125650055521,0.552831024137198,"87"
0,1.13545593727728,0.241627467177423,"87"
0,-2.15910574931527,-0.425246179075365,"87"
0,-0.198638929988383,0.513745141581427,"87"
1,0.337362299561953,-1.02874902555105,"87"
1,1.07770872356866,-0.214157706764916,"87"
1,1.10232811644986,0.268374976992856,"87"
1,-0.543562822317078,-0.722974026429036,"87"
0,0.24328603047134,0.91815816095509,"87"
0,0.17265364208955,-0.503649424190939,"87"
0,1.11342122618262,-0.0895245037171252,"87"
0,0.159808778084189,-0.234197469262506,"88"
0,0.458153574206117,1.05192049166658,"88"
1,1.72926364099417,1.15242639570302,"88"
0,-1.25852674177729,-1.04095396278657,"88"
0,-0.471058452685908,0.682726903620763,"88"
0,-2.1914362801971,0.04512769384021,"88"
0,-1.9297126183166,2.30238861009236,"88"
0,-0.499621984089816,0.911795937240088,"88"
1,1.44562207870776,0.15311334609715,"88"
1,0.0332764471388768,0.521594324545332,"88"
1,0.173058885623615,0.655333405787393,"88"
0,-0.577670012550617,-1.15820404234326,"88"
1,1.33008605255261,0.428651669097659,"89"
0,1.14366097763299,-0.64432269876876,"89"
0,1.53119362935006,-1.09237919334421,"89"
0,0.50903484353299,-0.966548651355832,"89"
0,-0.202270480131697,-1.47669531956142,"89"
1,0.922053583900235,-0.265123963179783,"89"
1,-1.90981040131011,-0.279755142488346,"89"
0,-0.0624459040583133,-1.5512756077751,"89"
0,-0.824710270138758,-0.742258382457204,"89"
1,1.02385213170866,1.1599019537429,"89"
0,0.186661163205376,-0.751640836875957,"89"
0,-0.177796275588827,-1.16601312281162,"89"
0,1.99698915227129,1.36502846571574,"90"
1,-0.261794755201478,0.171523133421999,"90"
0,1.04386944080205,-0.85548606839104,"90"
0,-0.688162630457976,0.211457403639397,"90"
0,0.0909456743103512,-0.602800389160526,"90"
1,1.48525909583009,0.908541294240384,"90"
1,-0.18930315053647,-1.42904982180899,"90"
1,1.20931600026872,-0.38474672768679,"90"
0,1.33325570849272,0.0796157154106209,"90"
1,1.78283222778486,0.484442136557236,"90"
0,-0.707195234597866,-1.26914982549618,"90"
0,0.823904027403766,0.604621412541568,"90"
0,-0.969145417257475,-1.55119895344079,"91"
0,-0.258185061936695,-0.755210520153063,"91"
1,0.684691451489052,-0.937588275794166,"91"
0,0.179496701889373,0.109257422461003,"91"
0,0.296429125730391,-0.0667139651918208,"91"
0,1.14697138039233,0.60068087368256,"91"
0,0.504798485919678,-0.35282842361426,"91"
1,0.124467839885298,-1.84660806999896,"91"
0,-0.798303441293131,0.676024928966518,"91"
0,0.27149174228698,0.809947018904673,"91"
1,1.92073478033159,-0.81690191293176,"91"
0,0.399338716479411,0.876388979708042,"91"
1,-0.268353364860665,1.08677036954648,"92"
1,-0.454718692557512,0.0612857068082195,"92"
1,-0.592112193362345,-1.12517354116291,"92"
1,1.79561270958652,0.587469877422434,"92"
1,0.146178549682875,-0.493947608263855,"92"
0,0.728238367471616,0.655329318212164,"92"
0,-0.279813711363822,-1.27222832807369,"92"
1,0.50377947091639,-1.2021492922748,"92"
1,0.460121320853436,0.645617201382144,"92"
0,-0.76030056955858,-0.416172910022849,"92"
0,-0.015554661667679,-0.645364156014245,"92"
0,-1.89481751211945,-1.44112442608146,"92"
0,0.528411587438412,0.333910318494367,"93"
0,-1.50837255861643,-1.07145916536231,"93"
0,-0.0686217716215359,-0.207637918504856,"93"
0,1.10566011089166,0.0697770658452841,"93"
0,0.218538031977683,-0.495439811581072,"93"
0,-0.269444365681866,1.06251105706298,"93"
1,1.28051964877425,-2.73883291249562,"93"
1,-0.362466195965583,0.698618822962036,"93"
0,-0.087412596556692,1.15005576713378,"93"
1,0.0124113821430325,0.991697985398433,"93"
0,-0.428747739551022,-0.307744086483979,"93"
0,-0.183017232478769,-0.23708601193488,"93"
1,0.00750581890926642,0.31981248627032,"94"
1,1.07184504872262,0.338650487518927,"94"
1,0.800654246901085,0.328317657119005,"94"
1,1.97537592085979,1.67820576151107,"94"
0,-0.352705671672567,1.07115299928923,"94"
1,-0.618809107312253,1.39269806322989,"94"
1,0.989284567930065,0.921542605037445,"94"
1,0.558113074773712,-0.182624298957173,"94"
1,0.448860324087264,-1.33437704841768,"94"
0,-0.678121616518861,1.25140276926082,"94"
1,0.325198012274234,2.58315873351563,"94"
1,0.996771034152946,-0.549901172375591,"94"
1,-0.284165570549527,-0.648967288185615,"95"
1,0.0539879576047478,-0.740771116539426,"95"
1,1.00439395867189,1.96365162568957,"95"
1,1.2191315463147,0.71059657225967,"95"
0,-0.361816810328144,-1.12167558359032,"95"
1,-0.34513757652462,-0.280521446776575,"95"
1,1.50563090293051,0.687819637511592,"95"
0,-0.327416242901704,-1.78882334599451,"95"
1,0.490323984525465,0.232734982094627,"95"
1,0.038974024927598,-0.747197310509898,"95"
1,0.687450654485062,0.16825918107669,"95"
1,0.94450027154806,0.389449024428023,"95"
1,0.0231567533223474,-0.69192629078566,"96"
1,-0.488607823915927,1.15676263867843,"96"
1,0.967932130408566,-2.45284723419361,"96"
1,-1.10780467560183,-0.472341359197529,"96"
0,0.439419562553942,-2.57159009381204,"96"
1,-0.495491883130196,-0.457565337590633,"96"
1,1.8434546882869,-0.339273671556296,"96"
1,0.690229182622632,0.865808263184075,"96"
1,-0.251085855160644,0.147371023952822,"96"
1,0.602982316490802,-0.203936389303263,"96"
1,-0.375653084968393,-0.575746955171876,"96"
1,1.74118206511555,1.20964909777239,"96"
0,1.5523975365486,0.144681727880099,"97"
0,-1.08927852712174,-1.14252950699456,"97"
0,0.266421412569998,0.277370188579636,"97"
0,-0.279946546127402,0.86717442958885,"97"
0,-1.54411719677247,-0.90708085814644,"97"
0,0.172326307386216,0.241332653927263,"97"
1,-0.512099959097263,-0.135232703608092,"97"
1,1.03770460905328,1.03420391774735,"97"
1,-1.42753626616088,-0.826089884295279,"97"
1,-0.879395285594364,1.16306951063692,"97"
0,0.126463345378418,0.387911005775787,"97"
1,-0.327528792292318,-1.71190028858302,"97"
1,0.666861818826498,-2.34322369065499,"98"
1,0.742885329030649,0.0928634723445793,"98"
1,-1.10919593671294,-0.379626061312724,"98"
1,-0.0617589176911718,0.468467577142976,"98"
0,-0.195397682990624,-0.106183000724473,"98"
1,-0.641650112913508,0.248764072039653,"98"
1,-1.83064726912418,0.715507420072344,"98"
0,1.0251315825724,0.582637218880917,"98"
0,-0.279306429214439,0.14200626266145,"98"
1,-2.7802239884894,0.112613859637381,"98"
0,-1.50800629606229,0.110126969556581,"98"
1,0.964621718989431,0.758013846726213,"98"
1,0.0600835410635861,0.302493458538165,"99"
1,-1.21763823651013,-1.66566404070435,"99"
1,-1.78976933459243,-0.156169080030743,"99"
0,2.20666698930562,-0.807037320088036,"99"
1,2.17147318988694,-0.2829443167138,"99"
0,0.05055906540926,0.524661994409917,"99"
0,0.255750870038918,2.3140842925386,"99"
0,-0.709550628884069,0.666938747511672,"99"
1,1.13552613766393,-3.34989270773808,"99"
0,-0.982546193004082,-0.630935085091672,"99"
0,1.76420639138159,0.0556498125130226,"99"
1,-0.743398691838187,-0.0225271520700999,"99"
1,1.4143764579868,-0.526204555192913,"100"
1,0.776914044302134,1.01562599366397,"100"
1,0.245501258640534,-0.600710525333811,"100"
1,1.4012399477804,2.48211411766094,"100"
1,0.468450365029717,-0.443319312951973,"100"
1,0.147840587443323,-0.0400164418001075,"100"
1,-0.403774458756702,2.40848351693772,"100"
1,1.69767262960585,-0.673508047465064,"100"
1,-0.860189513864992,-0.420430396336942,"100"
1,0.37110315340152,0.740358070762515,"100"
1,2.44323493222925,1.44287106362759,"100"
0,-0.34746973663711,-0.896074559917783,"100"
